dt,WVHT,DPD,APD,MWD,WTMP
2025-05-14T21:56:00Z,0.7,8,4.5,86,25.4
2025-05-14T21:26:00Z,0.7,8,4.6,89,25.4
2025-05-14T20:56:00Z,0.6,8,4.8,86,25.5
2025-05-14T20:26:00Z,0.7,8,5,97,25.5
2025-05-14T19:56:00Z,0.7,8,5.2,97,25.5
2025-05-14T19:26:00Z,0.7,8,5.4,91,25.6
2025-05-14T18:56:00Z,0.7,8,5.8,90,25.6
2025-05-14T18:26:00Z,0.6,8,6.2,103,25.7
2025-05-14T17:56:00Z,0.6,8,6.7,93,25.7
2025-05-14T17:26:00Z,0.6,8,6.7,96,25.9
2025-05-14T16:56:00Z,0.6,8,6.6,89,25.9
2025-05-14T16:26:00Z,0.6,8,6.7,93,25.9
2025-05-14T15:56:00Z,0.7,8,6.8,86,25.6
2025-05-14T15:26:00Z,0.7,7,6.4,98,25.2
2025-05-14T14:56:00Z,0.7,8,6.3,93,24.9
2025-05-14T14:26:00Z,0.7,8,6,96,24.8
2025-05-14T13:56:00Z,0.6,8,5.6,100,24.7
2025-05-14T13:26:00Z,0.7,8,5.5,96,24.6
2025-05-14T12:56:00Z,0.8,8,5.5,94,24.6
2025-05-14T12:26:00Z,0.8,8,5.5,91,24.6
2025-05-14T11:56:00Z,0.8,8,5.3,94,24.6
2025-05-14T11:26:00Z,0.8,8,5.3,94,24.6
2025-05-14T10:56:00Z,0.8,8,5,93,24.6
2025-05-14T10:26:00Z,0.9,8,5.6,83,24.6
2025-05-14T09:56:00Z,0.8,8,5.4,86,24.7
2025-05-14T09:26:00Z,0.8,8,5.2,89,24.7
2025-05-14T08:56:00Z,0.9,8,5.2,87,24.7
2025-05-14T08:26:00Z,0.8,8,5,91,24.7
2025-05-14T07:56:00Z,0.8,8,4.7,94,24.7
2025-05-14T07:26:00Z,0.8,8,4.7,86,24.7
2025-05-14T06:56:00Z,0.9,8,4.8,84,24.7
2025-05-14T06:26:00Z,0.8,8,4.8,96,24.7
2025-05-14T05:56:00Z,0.8,8,4.7,90,24.7
2025-05-14T05:26:00Z,1,8,4.7,90,24.7
2025-05-14T04:56:00Z,0.9,8,4.2,93,24.8
2025-05-14T04:26:00Z,1.1,9,4.8,84,24.8
2025-05-14T03:56:00Z,1,9,4.7,86,24.8
2025-05-14T03:26:00Z,1.1,8,4.6,86,24.8
2025-05-14T02:56:00Z,1.1,8,4.8,89,24.8
2025-05-14T02:26:00Z,1.1,9,4.9,93,24.8
2025-05-14T01:56:00Z,1.2,8,5.1,93,24.8
2025-05-14T01:26:00Z,1.2,8,5,94,24.8
2025-05-14T00:56:00Z,1.3,8,4.9,93,24.9
2025-05-14T00:26:00Z,1.3,8,5,91,24.9
2025-05-13T23:56:00Z,1.3,8,4.9,84,25
2025-05-13T23:26:00Z,1.3,8,4.9,90,25
2025-05-13T22:56:00Z,1.3,8,5.2,94,25
2025-05-13T22:26:00Z,1.3,8,5.2,97,25.1
2025-05-13T21:56:00Z,1.3,8,5.3,91,25.2
2025-05-13T21:26:00Z,1.2,8,5.1,94,25.2
2025-05-13T20:56:00Z,1.2,8,5.2,94,25.2
2025-05-13T20:26:00Z,1.2,8,5.6,91,25.3
2025-05-13T19:56:00Z,1.2,8,5.6,94,25.4
2025-05-13T19:26:00Z,1.2,8,5.8,94,25.4
2025-05-13T18:56:00Z,1.1,8,6,91,25.5
2025-05-13T18:26:00Z,1.1,8,6.1,91,25.6
2025-05-13T17:56:00Z,1,8,6.4,91,25.7
2025-05-13T17:26:00Z,1.1,8,6.2,90,25.8
2025-05-13T16:56:00Z,1,8,6,89,25.7
2025-05-13T16:26:00Z,1,8,6.2,93,25.5
2025-05-13T15:56:00Z,1.1,8,6.2,93,25.2
2025-05-13T15:26:00Z,1,8,5.8,87,25.1
2025-05-13T14:56:00Z,1.1,8,5.9,91,24.9
2025-05-13T14:26:00Z,1.1,8,5.9,90,24.8
2025-05-13T13:56:00Z,1.2,7,6,100,24.7
2025-05-13T13:26:00Z,1.2,8,5.8,86,24.6
2025-05-13T12:56:00Z,1.3,8,5.9,91,24.6
2025-05-13T12:26:00Z,1.3,8,6,86,24.6
2025-05-13T11:56:00Z,1.2,8,5.6,96,24.6
2025-05-13T11:26:00Z,1.2,7,5.5,106,24.6
2025-05-13T10:56:00Z,1.3,7,5.6,107,24.6
2025-05-13T10:26:00Z,1.2,7,5.4,106,24.6
2025-05-13T09:56:00Z,1.3,7,5.5,98,24.6
2025-05-13T09:26:00Z,1.2,8,5.4,87,24.6
2025-05-13T08:56:00Z,1.3,7,5.3,115,24.6
2025-05-13T08:26:00Z,1.3,8,5.1,93,24.6
2025-05-13T07:56:00Z,1.3,7,5.2,114,24.6
2025-05-13T07:26:00Z,1.3,8,5.2,89,24.6
2025-05-13T06:56:00Z,1.3,8,5.3,84,24.6
2025-05-13T06:26:00Z,1.3,7,5.1,113,24.6
2025-05-13T05:56:00Z,1.4,7,5.2,111,24.6
2025-05-13T05:26:00Z,1.3,7,5.1,111,24.6
2025-05-13T04:56:00Z,1.4,7,5.2,113,24.6
2025-05-13T04:26:00Z,1.3,7,4.8,110,24.6
2025-05-13T03:56:00Z,1.4,6,5,117,24.6
2025-05-13T03:26:00Z,1.4,8,5,90,24.6
2025-05-13T02:56:00Z,1.4,7,4.9,97,24.6
2025-05-13T02:26:00Z,1.5,6,4.9,115,24.6
2025-05-13T01:56:00Z,1.4,9,4.7,86,24.6
2025-05-13T01:26:00Z,1.4,6,4.6,110,24.7
2025-05-13T00:56:00Z,1.5,7,4.8,106,24.7
2025-05-13T00:26:00Z,1.5,6,4.9,111,24.7
2025-05-12T23:56:00Z,1.4,8,5,94,24.7
2025-05-12T23:26:00Z,1.6,7,5.2,108,24.7
2025-05-12T22:56:00Z,1.5,7,5.1,107,24.8
2025-05-12T22:26:00Z,1.5,7,5.2,111,24.8
2025-05-12T21:56:00Z,1.4,6,5,113,24.8
2025-05-12T21:26:00Z,1.5,7,5.6,97,24.8
2025-05-12T20:56:00Z,1.5,7,5.4,103,24.9
2025-05-12T20:26:00Z,1.6,7,5.4,113,24.8
2025-05-12T19:56:00Z,1.6,7,5.4,111,24.8
2025-05-12T19:26:00Z,1.7,6,5.3,107,24.8
2025-05-12T18:56:00Z,1.6,6,5.2,113,24.8
2025-05-12T18:26:00Z,1.7,7,5.4,107,24.8
2025-05-12T17:56:00Z,1.7,7,5.2,108,24.8
2025-05-12T17:26:00Z,1.8,6,5.2,115,24.8
2025-05-12T16:56:00Z,1.8,7,5.4,103,24.8
2025-05-12T16:26:00Z,1.7,7,5.2,108,24.8
2025-05-12T15:56:00Z,1.6,7,5.5,107,24.8
2025-05-12T15:26:00Z,1.5,7,5.3,104,24.8
2025-05-12T14:56:00Z,1.6,6,5.2,121,24.8
2025-05-12T14:26:00Z,1.8,7,5.2,103,24.8
2025-05-12T13:56:00Z,1.7,7,5.1,104,24.9
2025-05-12T13:26:00Z,1.7,7,4.8,108,24.9
2025-05-12T12:56:00Z,1.7,6,4.9,106,24.9
2025-05-12T12:26:00Z,1.6,6,4.8,114,24.9
2025-05-12T11:56:00Z,1.5,6,4.8,111,24.9
2025-05-12T11:26:00Z,1.6,6,4.8,114,24.9
2025-05-12T10:56:00Z,1.7,6,5,104,24.9
2025-05-12T10:26:00Z,1.6,7,5,108,24.9
2025-05-12T09:56:00Z,1.7,6,4.9,118,24.9
2025-05-12T09:26:00Z,1.7,6,4.7,113,24.9
2025-05-12T08:56:00Z,1.6,6,4.6,120,24.9
2025-05-12T08:26:00Z,1.7,6,4.8,115,24.9
2025-05-12T07:56:00Z,1.8,6,4.8,111,25
2025-05-12T07:26:00Z,1.7,6,4.7,114,25
2025-05-12T06:56:00Z,1.7,6,4.8,128,25
2025-05-12T06:26:00Z,1.8,6,4.8,121,25
2025-05-12T05:56:00Z,1.6,6,4.7,117,25
2025-05-12T05:26:00Z,1.6,5,4.7,127,25.1
2025-05-12T04:56:00Z,1.6,5,4.8,120,25.1
2025-05-12T04:26:00Z,1.3,6,4.6,117,25.1
2025-05-12T03:56:00Z,1.3,7,4.7,108,25.1
2025-05-12T03:26:00Z,1.2,7,4.6,111,25.1
2025-05-12T02:56:00Z,1.3,7,4.7,110,25.1
2025-05-12T02:26:00Z,1.2,9,4.7,80,25.1
2025-05-12T01:56:00Z,1.2,9,4.5,83,25.1
2025-05-12T01:26:00Z,1.2,6,4.5,111,25.1
2025-05-12T00:56:00Z,1.3,6,4.6,120,25.2
2025-05-12T00:26:00Z,1.2,6,4.4,121,25.2
2025-05-11T23:56:00Z,1.3,5,4.7,114,25.2
2025-05-11T23:26:00Z,1.2,6,4.5,110,25.2
2025-05-11T22:56:00Z,1.3,5,4.7,117,25.2
2025-05-11T22:26:00Z,1.3,6,4.7,117,25.2
2025-05-11T21:56:00Z,1.2,6,4.6,106,25.2
2025-05-11T21:26:00Z,1.4,8,4.7,86,25.2
2025-05-11T20:56:00Z,1.4,6,4.8,113,25.2
2025-05-11T20:26:00Z,1.4,6,4.9,113,25.2
2025-05-11T19:56:00Z,1.3,5,4.7,120,25.2
2025-05-11T19:26:00Z,1.3,6,4.8,120,25.2
2025-05-11T18:56:00Z,1.4,6,4.9,113,25.2
2025-05-11T18:26:00Z,1.3,6,5,104,25.2
2025-05-11T17:56:00Z,1.2,6,4.9,121,25.2
2025-05-11T17:26:00Z,1.2,6,4.9,120,25.2
2025-05-11T16:56:00Z,1.1,6,4.8,118,25.2
2025-05-11T16:26:00Z,1.1,6,4.8,125,25.1
2025-05-11T15:56:00Z,1.2,6,4.9,128,25.1
2025-05-11T15:26:00Z,1.1,5,4.8,127,25.1
2025-05-11T14:56:00Z,1.2,5,4.8,129,25.1
2025-05-11T14:26:00Z,1.2,5,4.9,113,25.1
2025-05-11T13:56:00Z,1.2,6,4.9,106,25.1
2025-05-11T13:26:00Z,1.1,6,4.8,117,25.1
2025-05-11T12:56:00Z,1.1,5,4.8,115,25.1
2025-05-11T12:26:00Z,1.2,5,4.8,114,25.1
2025-05-11T11:56:00Z,1.2,5,4.8,120,25
2025-05-11T11:26:00Z,1.1,5,4.6,118,25
2025-05-11T10:56:00Z,1.1,9,4.6,96,25
2025-05-11T10:26:00Z,1.1,9,4.5,84,25
2025-05-11T09:56:00Z,1,8,4.8,87,25
2025-05-11T09:26:00Z,1,8,4.5,83,25
2025-05-11T08:56:00Z,0.9,9,4.4,83,25
2025-05-11T08:26:00Z,1,9,4.7,86,25.1
2025-05-11T07:56:00Z,0.9,8,4.5,94,25
2025-05-11T07:26:00Z,1,9,4.7,89,25.1
2025-05-11T06:56:00Z,0.9,9,4.3,82,25.1
2025-05-11T06:26:00Z,0.9,9,4.4,84,25.1
2025-05-11T05:56:00Z,1,9,4.8,91,25.1
2025-05-11T05:26:00Z,0.9,9,4.3,86,25.1
2025-05-11T04:56:00Z,0.9,5,4.3,145,25.1
2025-05-11T04:26:00Z,0.9,9,4.6,93,25.1
2025-05-11T03:56:00Z,0.9,9,4.8,90,25
2025-05-11T03:26:00Z,0.9,5,4.6,158,25
2025-05-11T02:56:00Z,1,9,4.7,90,25
2025-05-11T02:26:00Z,1,5,4.2,153,25
2025-05-11T01:56:00Z,1,10,4.4,89,25
2025-05-11T01:26:00Z,1.1,5,4.3,167,25
2025-05-11T00:56:00Z,1,9,4.3,86,25
2025-05-11T00:26:00Z,1,9,4.3,83,25
2025-05-10T23:56:00Z,1,9,4.2,94,25
2025-05-10T22:56:00Z,0.9,9,4.2,86,25.1
2025-05-10T22:26:00Z,0.9,9,4.1,97,25.1
2025-05-10T21:56:00Z,0.9,9,4.3,84,25.1
2025-05-10T21:26:00Z,0.9,9,4.4,86,25.2
2025-05-10T20:56:00Z,0.9,9,4.3,93,25.3
2025-05-10T20:26:00Z,0.9,9,4.3,87,25.3
2025-05-10T19:56:00Z,1,9,4.8,84,25.3
2025-05-10T19:26:00Z,0.9,9,4.6,90,25.3
2025-05-10T18:56:00Z,0.9,8,4.5,89,25.3
2025-05-10T18:26:00Z,0.9,9,4.8,91,25.3
2025-05-10T17:56:00Z,0.9,9,4.4,94,25.2
2025-05-10T17:26:00Z,0.9,9,4.5,89,25.1
2025-05-10T16:56:00Z,0.9,9,4.5,90,25
2025-05-10T16:26:00Z,0.9,9,4.6,89,24.9
2025-05-10T15:56:00Z,0.9,9,4.3,93,25
2025-05-10T15:26:00Z,1,9,4.3,86,25
2025-05-10T14:56:00Z,0.9,9,3.9,87,25
2025-05-10T14:26:00Z,0.9,10,3.9,84,25
2025-05-10T13:56:00Z,0.8,9,4.1,90,24.9
2025-05-10T13:26:00Z,0.8,10,4.6,89,24.9
2025-05-10T12:56:00Z,0.7,10,4.4,98,24.9
2025-05-10T12:26:00Z,0.7,9,4.5,97,24.9
2025-05-10T11:56:00Z,0.7,9,4.4,90,24.9
2025-05-10T11:26:00Z,0.8,10,4.6,86,24.9
2025-05-10T10:56:00Z,0.8,9,4.6,90,24.9
2025-05-10T10:26:00Z,0.8,9,4.4,89,24.9
2025-05-10T09:56:00Z,0.8,9,4.6,87,24.9
2025-05-10T09:26:00Z,0.8,9,4.8,91,24.9
2025-05-10T08:56:00Z,0.8,10,5,84,24.9
2025-05-10T08:26:00Z,0.8,10,4.7,82,24.9
2025-05-10T07:56:00Z,0.8,9,4.8,83,24.9
2025-05-10T07:26:00Z,0.8,9,5.1,80,24.9
2025-05-10T06:56:00Z,0.8,9,5,86,24.9
2025-05-10T06:26:00Z,0.9,10,5,82,25
2025-05-10T05:56:00Z,0.9,10,4.9,77,25
2025-05-10T05:26:00Z,1,10,4.9,80,24.9
2025-05-10T04:56:00Z,0.8,10,4.7,94,25
2025-05-10T04:26:00Z,0.9,9,4.6,87,25
2025-05-10T03:56:00Z,0.9,10,5.2,89,25
2025-05-10T03:26:00Z,0.8,9,5.6,84,25
2025-05-10T02:56:00Z,0.7,10,5.8,83,25
2025-05-10T02:26:00Z,0.8,9,4.3,89,25
2025-05-10T01:56:00Z,0.8,10,4.5,90,25.1
2025-05-10T01:26:00Z,0.7,9,4.5,89,25.1
2025-05-10T00:56:00Z,0.8,10,5,89,25.1
2025-05-10T00:26:00Z,0.8,10,5.1,83,25.2
2025-05-09T23:56:00Z,0.8,10,4.7,80,25.2
2025-05-09T23:26:00Z,0.8,10,4.7,80,25.3
2025-05-09T22:56:00Z,0.8,11,5,84,25.3
2025-05-09T22:26:00Z,0.8,10,4.7,94,25.3
2025-05-09T21:56:00Z,0.9,9,5,90,25.5
2025-05-09T21:26:00Z,0.8,10,4.9,87,25.5
2025-05-09T20:56:00Z,0.8,10,5.2,83,25.7
2025-05-09T20:26:00Z,0.8,11,5.9,80,25.6
2025-05-09T19:56:00Z,0.7,9,6.2,83,25.9
2025-05-09T19:26:00Z,0.7,10,6.4,87,26
2025-05-09T18:56:00Z,0.7,9,6.7,87,26.1
2025-05-09T18:26:00Z,0.7,9,6.7,86,25.9
2025-05-09T17:56:00Z,0.7,10,6.5,80,26
2025-05-09T17:26:00Z,0.7,9,6.2,89,25.8
2025-05-09T16:56:00Z,0.7,9,6.3,86,25.8
2025-05-09T16:26:00Z,0.7,10,6,83,25.4
2025-05-09T15:56:00Z,0.7,11,5.7,82,25.4
2025-05-09T15:26:00Z,0.7,10,5.9,93,25.2
2025-05-09T14:56:00Z,0.7,9,5.7,94,25
2025-05-09T14:26:00Z,0.7,10,5.3,98,24.9
2025-05-09T13:56:00Z,0.7,9,5.6,94,24.8
2025-05-09T13:26:00Z,0.7,10,5.4,93,24.7
2025-05-09T12:56:00Z,0.8,10,5.3,94,24.7
2025-05-09T12:26:00Z,0.8,11,5.1,93,24.6
2025-05-09T11:56:00Z,0.8,10,4.8,90,24.6
2025-05-09T11:26:00Z,0.8,10,4.7,89,24.6
2025-05-09T10:56:00Z,0.8,9,4.4,93,24.6
2025-05-09T10:26:00Z,0.9,10,5.1,91,24.6
2025-05-09T09:56:00Z,0.8,9,4.6,86,24.6
2025-05-09T09:26:00Z,0.9,10,4.7,96,24.6
2025-05-09T08:56:00Z,0.8,9,4.4,89,24.6
2025-05-09T08:26:00Z,0.9,10,4.3,82,24.6
2025-05-09T07:56:00Z,0.9,9,4.3,93,24.7
2025-05-09T07:26:00Z,0.9,10,4.6,90,24.7
2025-05-09T06:56:00Z,1,10,4.7,100,24.7
2025-05-09T06:26:00Z,1,9,4.7,90,24.7
2025-05-09T05:56:00Z,1,10,4.7,90,24.7
2025-05-09T05:26:00Z,1,10,4.3,101,24.7
2025-05-09T04:56:00Z,0.9,5,4.3,156,24.7
2025-05-09T04:26:00Z,1,10,4.3,93,24.7
2025-05-09T03:56:00Z,0.9,4,3.9,162,24.8
2025-05-09T03:26:00Z,0.9,4,4,148,24.8
2025-05-09T02:56:00Z,0.9,4,3.8,151,24.8
2025-05-09T02:26:00Z,0.8,4,3.9,152,24.8
2025-05-09T01:56:00Z,0.8,9,3.8,87,24.8
2025-05-09T01:26:00Z,0.8,4,3.6,153,24.9
2025-05-09T00:56:00Z,0.7,10,3.8,89,24.9
2025-05-09T00:26:00Z,0.7,9,3.9,91,25
2025-05-08T23:56:00Z,0.7,9,3.8,97,25
2025-05-08T23:26:00Z,0.7,9,4.1,90,25
2025-05-08T22:56:00Z,0.7,9,4,90,25.1
2025-05-08T22:26:00Z,0.7,9,4,97,25.1
2025-05-08T21:56:00Z,0.7,9,3.7,91,25.1
2025-05-08T21:26:00Z,0.7,9,4.2,91,25.1
2025-05-08T20:56:00Z,0.6,8,4.1,89,25.2
2025-05-08T20:26:00Z,0.6,9,4.4,90,25.4
2025-05-08T19:56:00Z,0.6,8,4.6,87,25.5
2025-05-08T19:26:00Z,0.6,8,4.8,91,25.6
2025-05-08T18:56:00Z,0.6,8,4.9,91,25.5
2025-05-08T18:26:00Z,0.6,8,4.6,86,25.6
2025-05-08T17:56:00Z,0.6,9,4.8,96,25.6
2025-05-08T17:26:00Z,0.6,9,4.7,89,25.7
2025-05-08T16:56:00Z,0.7,4,4.4,151,25.7
2025-05-08T16:26:00Z,0.6,4,4.4,153,25.5
2025-05-08T15:56:00Z,0.7,4,4.3,151,25.4
2025-05-08T15:26:00Z,0.7,4,4.4,151,24.9
2025-05-08T14:56:00Z,0.7,5,4.2,152,24.8
2025-05-08T14:26:00Z,0.7,5,4.1,151,24.6
2025-05-08T13:56:00Z,0.8,5,4,159,24.6
2025-05-08T13:26:00Z,0.8,5,4,160,24.6
2025-05-08T12:56:00Z,1,5,4,158,24.6
2025-05-08T12:26:00Z,1,5,4,163,24.6
2025-05-08T11:56:00Z,1,5,4,163,24.6
2025-05-08T11:26:00Z,1.1,5,3.9,166,24.6
2025-05-08T10:56:00Z,1.1,5,3.9,167,24.6
2025-05-08T10:26:00Z,1.1,4,3.8,167,24.6
2025-05-08T09:56:00Z,1.1,4,3.9,163,24.6
2025-05-08T09:26:00Z,1,4,3.8,163,24.6
2025-05-08T08:56:00Z,1,4,3.7,166,24.6
2025-05-08T08:26:00Z,1,4,3.7,167,24.7
2025-05-08T07:56:00Z,1,4,3.6,165,24.7
2025-05-08T07:26:00Z,1,4,3.6,158,24.7
2025-05-08T06:56:00Z,0.9,4,3.6,158,24.7
2025-05-08T06:26:00Z,0.8,4,3.6,160,24.8
2025-05-08T05:56:00Z,0.8,9,3.6,94,24.8
2025-05-08T05:26:00Z,0.8,8,3.8,89,24.8
2025-05-08T04:56:00Z,0.7,8,3.8,84,24.8
2025-05-08T04:26:00Z,0.7,8,3.7,90,24.9
2025-05-08T03:56:00Z,0.7,8,3.9,91,24.9
2025-05-08T03:26:00Z,0.6,9,4.2,89,24.9
2025-05-08T02:56:00Z,0.6,8,4.4,87,24.9
2025-05-08T02:26:00Z,0.6,8,4.2,90,24.9
2025-05-08T01:56:00Z,0.7,9,4.2,90,24.9
2025-05-08T01:26:00Z,0.7,8,4.1,91,24.9
2025-05-08T00:56:00Z,0.8,9,3.9,84,24.9
2025-05-08T00:26:00Z,0.9,9,3.8,90,24.9
2025-05-07T23:56:00Z,1,4,3.7,53,25
2025-05-07T22:56:00Z,0.9,4,3.5,120,25
2025-05-07T22:26:00Z,0.7,9,3.8,90,25.1
2025-05-07T21:56:00Z,0.7,9,4,90,25.1
2025-05-07T21:26:00Z,0.7,9,3.9,86,25.1
2025-05-07T20:56:00Z,0.7,9,3.8,91,25.1
2025-05-07T20:26:00Z,0.7,9,3.8,86,25.2
2025-05-07T19:56:00Z,0.7,9,3.8,91,25.2
2025-05-07T19:26:00Z,0.6,8,4.2,91,25.3
2025-05-07T18:56:00Z,0.6,9,4.3,91,25.4
2025-05-07T18:26:00Z,0.6,8,4.5,91,25.4
2025-05-07T17:56:00Z,0.6,8,4.5,91,25.4
2025-05-07T17:26:00Z,0.6,8,4.5,90,25.3
2025-05-07T16:56:00Z,0.6,9,5,91,25.3
2025-05-07T16:26:00Z,0.6,9,5.1,94,25.3
2025-05-07T15:56:00Z,0.6,9,5.1,91,25
2025-05-07T15:26:00Z,0.6,9,4.9,87,25
2025-05-07T14:56:00Z,0.5,8,4.6,87,24.9
2025-05-07T14:26:00Z,0.6,8,4.8,86,24.8
2025-05-07T13:56:00Z,0.6,10,4.8,80,24.7
2025-05-07T13:26:00Z,0.6,8,4.6,84,24.6
2025-05-07T12:56:00Z,0.6,7,4.7,93,24.5
2025-05-07T12:26:00Z,0.6,9,4.5,86,24.5
2025-05-07T11:56:00Z,0.6,9,4.5,84,24.5
2025-05-07T11:26:00Z,0.6,8,4.2,84,24.5
2025-05-07T10:56:00Z,0.6,8,4.3,86,24.5
2025-05-07T10:26:00Z,0.6,8,4.3,83,24.5
2025-05-07T09:56:00Z,0.6,7,4.2,98,24.5
2025-05-07T09:26:00Z,0.6,7,4.3,94,24.6
2025-05-07T08:56:00Z,0.6,8,4.2,86,24.6
2025-05-07T08:26:00Z,0.6,8,4.3,87,24.6
2025-05-07T07:56:00Z,0.7,7,4.2,96,24.6
2025-05-07T07:26:00Z,0.6,9,4.2,86,24.6
2025-05-07T06:56:00Z,0.7,8,4.2,87,24.5
2025-05-07T06:26:00Z,0.7,8,4,90,24.5
2025-05-07T05:56:00Z,0.7,8,4,80,24.6
2025-05-07T05:26:00Z,0.7,8,3.8,93,24.6
2025-05-07T04:56:00Z,0.7,7,3.9,91,24.6
2025-05-07T04:26:00Z,0.7,8,3.8,91,24.7
2025-05-07T03:56:00Z,0.7,8,4,87,24.7
2025-05-07T03:26:00Z,0.6,7,4.1,89,24.7
2025-05-07T02:56:00Z,0.6,7,4.5,97,24.8
2025-05-07T02:26:00Z,0.6,8,4.7,87,24.8
2025-05-07T01:56:00Z,0.6,7,4.7,91,24.8
2025-05-07T01:26:00Z,0.6,9,4.3,89,24.9
2025-05-07T00:56:00Z,0.6,8,4.5,86,24.9
2025-05-07T00:26:00Z,0.6,8,4.2,91,25
2025-05-06T23:56:00Z,0.6,8,4.5,90,25
2025-05-06T23:26:00Z,0.6,7,4.3,90,25.1
2025-05-06T22:56:00Z,0.6,8,4.5,87,25.2
2025-05-06T22:26:00Z,0.6,8,4.6,87,25.3
2025-05-06T21:56:00Z,0.6,8,5,86,25.5
2025-05-06T21:26:00Z,0.6,6,4.7,91,25.6
2025-05-06T20:56:00Z,0.6,6,4.9,98,25.8
2025-05-06T20:26:00Z,0.6,6,5,91,25.8
2025-05-06T19:56:00Z,0.6,6,5,96,25.7
2025-05-06T19:26:00Z,0.6,6,5.2,93,25.7
2025-05-06T18:56:00Z,0.6,6,5,96,25.6
2025-05-06T18:26:00Z,0.7,6,5.1,94,25.8
2025-05-06T17:56:00Z,0.7,7,5.1,93,25.8
2025-05-06T17:26:00Z,0.7,6,5,97,25.6
2025-05-06T16:56:00Z,0.6,7,4.9,93,25.4
2025-05-06T16:26:00Z,0.6,7,4.9,83,24.9
2025-05-06T15:56:00Z,0.6,7,5,94,25
2025-05-06T15:26:00Z,0.6,7,5,91,24.9
2025-05-06T14:56:00Z,0.6,8,5.1,86,24.8
2025-05-06T14:26:00Z,0.6,8,5.1,89,24.7
2025-05-06T13:56:00Z,0.6,7,5,93,24.5
2025-05-06T13:26:00Z,0.6,7,5,101,24.4
2025-05-06T12:56:00Z,0.6,7,5,93,24.4
2025-05-06T12:26:00Z,0.6,8,5.1,93,24.3
2025-05-06T11:56:00Z,0.6,7,4.5,91,24.3
2025-05-06T11:26:00Z,0.6,8,4.6,87,24.3
2025-05-06T10:56:00Z,0.6,6,4.2,98,24.3
2025-05-06T10:26:00Z,0.6,7,4.4,96,24.4
2025-05-06T09:56:00Z,0.6,8,4.1,93,24.4
2025-05-06T09:26:00Z,0.6,7,4.3,93,24.4
2025-05-06T08:56:00Z,0.6,7,4.2,94,24.4
2025-05-06T08:26:00Z,0.6,8,4.1,91,24.4
2025-05-06T07:56:00Z,0.6,7,4.2,96,24.4
2025-05-06T07:26:00Z,0.6,8,4,87,24.4
2025-05-06T06:56:00Z,0.7,7,3.9,97,24.4
2025-05-06T06:26:00Z,0.7,8,4,86,24.4
2025-05-06T05:56:00Z,0.7,7,3.9,94,24.4
2025-05-06T05:26:00Z,0.7,8,4,84,24.4
2025-05-06T04:56:00Z,0.7,7,3.9,94,24.4
2025-05-06T04:26:00Z,0.7,7,3.9,93,24.5
2025-05-06T03:56:00Z,0.7,8,3.8,89,24.5
2025-05-06T03:26:00Z,0.7,7,4,94,24.5
2025-05-06T02:56:00Z,0.7,7,4,98,24.5
2025-05-06T02:26:00Z,0.7,7,3.9,93,24.5
2025-05-06T01:56:00Z,0.7,8,3.8,97,24.5
2025-05-06T01:26:00Z,0.7,8,4,94,24.5
2025-05-06T00:56:00Z,0.7,7,4,100,24.5
2025-05-06T00:26:00Z,0.7,7,3.9,100,24.5
2025-05-05T23:56:00Z,0.7,7,3.9,96,24.5
2025-05-05T22:56:00Z,0.7,8,4,97,24.6
2025-05-05T22:26:00Z,0.7,7,4,93,24.6
2025-05-05T21:56:00Z,0.7,8,4,90,24.6
2025-05-05T21:26:00Z,0.7,7,4.2,96,24.6
2025-05-05T20:56:00Z,0.7,7,4.1,100,24.6
2025-05-05T20:26:00Z,0.7,7,4.1,98,24.6
2025-05-05T19:56:00Z,0.6,7,4,101,24.6
2025-05-05T19:26:00Z,0.6,7,4,100,24.6
2025-05-05T18:56:00Z,0.6,8,4,91,24.6
2025-05-05T18:26:00Z,0.6,7,4.3,100,24.6
2025-05-05T17:56:00Z,0.6,7,4.3,93,24.6
2025-05-05T17:26:00Z,0.6,8,4.5,91,24.6
2025-05-05T16:56:00Z,0.6,7,4.7,97,24.5
2025-05-05T16:26:00Z,0.6,7,5.1,98,24.5
2025-05-05T15:56:00Z,0.6,7,5,108,24.5
2025-05-05T15:26:00Z,0.6,7,4.6,98,24.5
2025-05-05T14:56:00Z,0.6,8,4.7,93,24.4
2025-05-05T14:26:00Z,0.6,8,4.7,91,24.3
2025-05-05T13:56:00Z,0.6,7,4.7,98,24.3
2025-05-05T13:26:00Z,0.6,7,4.4,101,24.2
2025-05-05T12:56:00Z,0.6,7,4.5,100,24.2
2025-05-05T12:26:00Z,0.6,7,4.4,98,24.2
2025-05-05T11:56:00Z,0.6,8,4.3,97,24.2
2025-05-05T11:26:00Z,0.6,7,4.1,93,24.2
2025-05-05T10:56:00Z,0.6,8,4,98,24.2
2025-05-05T10:26:00Z,0.6,5,3.9,113,24.2
2025-05-05T09:56:00Z,0.7,8,3.8,97,24.2
2025-05-05T09:26:00Z,0.7,7,3.8,89,24.2
2025-05-05T08:56:00Z,0.7,5,3.7,121,24.2
2025-05-05T08:26:00Z,0.7,8,3.7,94,24.2
2025-05-05T07:56:00Z,0.7,5,3.8,125,24.3
2025-05-05T07:26:00Z,0.7,8,4,90,24.3
2025-05-05T06:56:00Z,0.7,4,3.9,135,24.3
2025-05-05T06:26:00Z,0.7,5,4,124,24.3
2025-05-05T05:56:00Z,0.7,6,4.1,108,24.4
2025-05-05T05:26:00Z,0.7,6,4,100,24.4
2025-05-05T04:56:00Z,0.6,5,4.2,113,24.4
2025-05-05T04:26:00Z,0.6,7,4.2,103,24.4
2025-05-05T03:56:00Z,0.7,7,4.2,101,24.4
2025-05-05T03:26:00Z,0.6,7,4.2,98,24.5
2025-05-05T02:56:00Z,0.6,6,4.1,104,24.5
2025-05-05T02:26:00Z,0.6,6,4.2,107,24.5
2025-05-05T01:56:00Z,0.6,6,4.4,98,24.5
2025-05-05T01:26:00Z,0.7,6,4.6,107,24.5
2025-05-05T00:56:00Z,0.6,6,4.6,103,24.6
2025-05-05T00:26:00Z,0.6,7,4.8,97,24.5
2025-05-04T23:56:00Z,0.6,6,4.9,110,24.6
2025-05-04T23:26:00Z,0.7,6,4.9,113,24.6
2025-05-04T22:56:00Z,0.7,6,4.8,114,24.6
2025-05-04T22:26:00Z,0.7,5,4.4,139,24.6
2025-05-04T21:56:00Z,0.9,6,4.3,114,24.6
2025-05-04T21:26:00Z,1,6,4,107,24.6
2025-05-04T20:56:00Z,0.9,6,4,115,24.6
2025-05-04T20:26:00Z,0.9,6,4.3,110,24.6
2025-05-04T19:56:00Z,0.9,6,4.5,115,24.6
2025-05-04T19:26:00Z,0.9,6,4.4,115,24.7
2025-05-04T18:56:00Z,0.9,6,4.4,118,24.7
2025-05-04T18:26:00Z,0.9,6,4.6,113,24.6
2025-05-04T17:56:00Z,0.9,6,4.5,113,24.6
2025-05-04T17:26:00Z,0.9,6,4.6,120,24.6
2025-05-04T16:56:00Z,0.9,5,4.5,122,24.5
2025-05-04T16:26:00Z,0.9,6,4.3,115,24.4
2025-05-04T15:56:00Z,0.9,6,4.2,113,24.4
2025-05-04T15:26:00Z,1,6,4.2,117,24.4
2025-05-04T14:56:00Z,1.1,6,4.4,120,24.4
2025-05-04T14:26:00Z,1.1,6,4.3,115,24.4
2025-05-04T13:56:00Z,1,6,4.4,124,24.4
2025-05-04T13:26:00Z,1,6,4.5,115,24.3
2025-05-04T12:56:00Z,1,6,4.5,117,24.4
2025-05-04T12:26:00Z,1,6,4.6,121,24.4
2025-05-04T11:56:00Z,1,6,4.5,120,24.4
2025-05-04T11:26:00Z,1.1,6,4.3,121,24.4
2025-05-04T10:56:00Z,1,6,4.2,125,24.4
2025-05-04T10:26:00Z,0.9,6,4.3,114,24.4
2025-05-04T09:56:00Z,0.9,5,4.6,124,24.4
2025-05-04T09:26:00Z,0.9,5,4.4,127,24.4
2025-05-04T08:56:00Z,0.9,5,4.4,129,24.4
2025-05-04T08:26:00Z,0.9,5,4.2,132,24.4
2025-05-04T06:26:00Z,1,5,4,142,24.3
2025-05-04T05:56:00Z,1,5,3.9,136,24.3
2025-05-04T05:26:00Z,1.1,5,3.9,139,24.3
2025-05-04T04:56:00Z,1.2,5,4,143,24.4
2025-05-04T04:26:00Z,1.2,4,3.9,145,24.4
2025-05-04T03:56:00Z,1.3,5,3.9,151,24.4
2025-05-04T03:26:00Z,1.2,5,3.9,151,24.4
2025-05-04T02:56:00Z,1.1,5,3.8,135,24.4
2025-05-04T02:26:00Z,1.2,5,3.9,132,24.4
2025-05-04T01:56:00Z,1.2,5,3.9,138,24.4
2025-05-04T01:26:00Z,1.2,5,4,146,24.4
2025-05-04T00:56:00Z,1.2,5,4,136,24.4
2025-05-04T00:26:00Z,1.2,5,4,139,24.4
2025-05-03T23:56:00Z,1.1,5,3.9,138,24.4
2025-05-03T22:56:00Z,1.1,5,3.9,132,24.4
2025-05-03T22:26:00Z,1,4,4,135,24.5
2025-05-03T21:56:00Z,0.9,4,3.9,125,24.5
2025-05-03T21:26:00Z,1,4,4,132,24.5
2025-05-03T20:56:00Z,0.9,5,3.9,128,24.6
2025-05-03T20:26:00Z,0.9,5,4,118,24.6
2025-05-03T19:56:00Z,0.9,9,4.1,84,24.6
2025-05-03T19:26:00Z,0.9,5,4.2,117,24.6
2025-05-03T18:56:00Z,0.9,6,4.2,104,24.6
2025-05-03T18:26:00Z,0.9,5,4,118,24.6
2025-05-03T17:56:00Z,0.9,5,4.3,117,24.6
2025-05-03T17:26:00Z,0.9,6,4.4,100,24.6
2025-05-03T16:56:00Z,0.9,5,4.2,124,24.5
2025-05-03T16:26:00Z,0.9,4,4.1,129,24.5
2025-05-03T15:56:00Z,0.9,6,4.1,103,24.4
2025-05-03T15:26:00Z,0.9,8,4,91,24.4
2025-05-03T14:56:00Z,0.9,4,4.1,121,24.4
2025-05-03T14:26:00Z,0.8,4,3.9,136,24.3
2025-05-03T13:56:00Z,0.8,4,4,138,24.3
2025-05-03T13:26:00Z,0.9,4,4,135,24.3
2025-05-03T12:56:00Z,0.8,4,3.9,138,24.3
2025-05-03T12:26:00Z,0.8,4,3.9,135,24.3
2025-05-03T11:56:00Z,0.8,8,4.1,82,24.3
2025-05-03T11:26:00Z,0.8,8,4,86,24.3
2025-05-03T10:56:00Z,0.9,5,4,142,24.3
2025-05-03T10:26:00Z,0.8,8,4.1,87,24.3
2025-05-03T09:56:00Z,0.8,5,4,145,24.3
2025-05-03T09:26:00Z,0.9,4,4,148,24.3
2025-05-03T08:56:00Z,0.9,4,4,153,24.3
2025-05-03T08:26:00Z,0.9,4,3.9,146,24.3
2025-05-03T07:56:00Z,0.9,4,3.9,151,24.3
2025-05-03T07:26:00Z,0.9,5,4,158,24.2
2025-05-03T06:56:00Z,1,4,3.9,159,24.2
2025-05-03T06:26:00Z,0.9,4,4,139,24.2
2025-05-03T05:56:00Z,1,4,3.9,142,24.2
2025-05-03T05:26:00Z,0.9,4,3.9,148,24.3
2025-05-03T04:56:00Z,1,4,3.9,139,24.3
2025-05-03T04:26:00Z,1,4,3.9,145,24.3
2025-05-03T03:56:00Z,1,4,3.9,139,24.3
2025-05-03T03:26:00Z,0.9,4,4,146,24.4
2025-05-03T02:56:00Z,1,4,4,138,24.4
2025-05-03T02:26:00Z,0.9,8,3.9,91,24.5
2025-05-03T01:56:00Z,0.9,4,3.8,131,24.5
2025-05-03T01:26:00Z,0.9,7,3.9,98,24.6
2025-05-03T00:56:00Z,0.9,7,3.8,93,24.6
2025-05-03T00:26:00Z,0.8,7,3.9,90,24.7
2025-05-02T23:56:00Z,0.8,8,4.1,84,24.7
2025-05-02T22:56:00Z,0.7,6,4.4,106,24.9
2025-05-02T22:26:00Z,0.7,8,4.8,82,24.9
2025-05-02T21:56:00Z,0.7,8,4.8,89,24.9
2025-05-02T21:26:00Z,0.7,8,5,93,25
2025-05-02T20:56:00Z,0.7,8,5,89,25
2025-05-02T20:26:00Z,0.7,9,5,82,25
2025-05-02T19:56:00Z,0.7,8,5.2,89,25
2025-05-02T19:26:00Z,0.7,8,5,86,25
2025-05-02T18:56:00Z,0.7,8,4.9,87,25
2025-05-02T18:26:00Z,0.7,8,5,87,24.9
2025-05-02T17:56:00Z,0.7,8,5.1,89,24.9
2025-05-02T17:26:00Z,0.7,8,5.2,86,24.8
2025-05-02T16:56:00Z,0.7,8,5,91,24.8
2025-05-02T16:26:00Z,0.7,8,5.1,89,24.8
2025-05-02T15:56:00Z,0.7,8,4.9,90,24.7
2025-05-02T15:26:00Z,0.7,7,5,93,24.6
2025-05-02T14:56:00Z,0.7,8,4.8,98,24.5
2025-05-02T14:26:00Z,0.7,8,4.8,91,24.4
2025-05-02T13:56:00Z,0.8,8,4.6,96,24.3
2025-05-02T13:26:00Z,0.8,8,4.8,90,24.2
2025-05-02T12:56:00Z,0.7,4,4.5,136,24.2
2025-05-02T12:26:00Z,0.8,8,4.6,100,24.1
2025-05-02T11:56:00Z,0.8,8,4.5,87,24.1
2025-05-02T11:26:00Z,0.8,8,4.3,96,24.2
2025-05-02T10:56:00Z,0.9,4,4.2,134,24.2
2025-05-02T10:26:00Z,0.9,4,4.2,121,24.2
2025-05-02T09:56:00Z,0.9,8,4.2,90,24.2
2025-05-02T09:26:00Z,0.9,4,4.1,128,24.2
2025-05-02T08:56:00Z,0.9,4,4.2,143,24.2
2025-05-02T08:26:00Z,0.9,4,4.1,132,24.2
2025-05-02T07:56:00Z,0.9,4,4.1,143,24.1
2025-05-02T07:26:00Z,1,4,4.2,142,24.1
2025-05-02T06:56:00Z,1,4,4.2,141,24.1
2025-05-02T06:26:00Z,1,4,4.1,136,24.1
2025-05-02T05:56:00Z,0.9,4,4.1,139,24.1
2025-05-02T05:26:00Z,1,4,4,134,24.1
2025-05-02T04:56:00Z,1,4,3.9,138,24.1
2025-05-02T04:26:00Z,1,4,3.8,148,24.1
2025-05-02T03:56:00Z,1,3,3.7,141,24.1
2025-05-02T03:26:00Z,0.9,8,3.9,89,24.1
2025-05-02T02:56:00Z,0.9,8,3.8,83,24.2
2025-05-02T02:26:00Z,0.9,3,3.6,135,24.2
2025-05-02T01:56:00Z,0.9,7,3.8,86,24.2
2025-05-02T01:26:00Z,0.9,8,4,91,24.3
2025-05-02T00:56:00Z,0.9,7,4.2,87,24.3
2025-05-02T00:26:00Z,0.9,8,4.1,87,24.3
2025-05-01T23:56:00Z,0.9,8,4,89,24.4
2025-05-01T23:26:00Z,0.8,7,3.9,93,24.4
2025-05-01T22:56:00Z,0.8,8,4.3,93,24.5
2025-05-01T22:26:00Z,0.8,8,4.2,86,24.5
2025-05-01T21:56:00Z,0.8,8,4.1,83,24.5
2025-05-01T21:26:00Z,0.8,8,4.3,82,24.5
2025-05-01T20:56:00Z,0.8,9,4.3,84,24.5
2025-05-01T20:26:00Z,0.8,8,4.3,82,24.5
2025-05-01T19:56:00Z,0.7,8,4.3,93,24.5
2025-05-01T19:26:00Z,0.7,8,4.2,89,24.5
2025-05-01T18:56:00Z,0.7,8,4.3,89,24.5
2025-05-01T18:26:00Z,0.8,8,4.5,90,24.5
2025-05-01T17:56:00Z,0.7,7,4.5,91,24.5
2025-05-01T17:26:00Z,0.7,8,4.5,87,24.4
2025-05-01T16:56:00Z,0.7,8,4.6,82,24.4
2025-05-01T16:26:00Z,0.7,8,4.7,82,24.4
2025-05-01T15:56:00Z,0.7,8,4.8,83,24.3
2025-05-01T15:26:00Z,0.7,7,4.6,93,24.3
2025-05-01T14:56:00Z,0.8,8,4.9,86,24.2
2025-05-01T14:26:00Z,0.8,8,5,84,24.2
2025-05-01T13:56:00Z,0.8,8,4.8,87,24.1
2025-05-01T13:26:00Z,0.8,7,4.5,86,24.1
2025-05-01T12:56:00Z,0.8,7,4.3,83,24.1
2025-05-01T12:26:00Z,0.8,8,4.6,83,24.1
2025-05-01T11:56:00Z,0.9,8,4.4,87,24.1
2025-05-01T11:26:00Z,0.9,8,4.3,79,24.1
2025-05-01T10:56:00Z,0.9,8,4.2,84,24.1
2025-05-01T10:26:00Z,0.9,8,4.4,80,24.1
2025-05-01T09:56:00Z,0.9,8,4.2,82,24.1
2025-05-01T09:26:00Z,0.9,4,4.3,131,24.1
2025-05-01T08:56:00Z,0.9,8,4.6,80,24.1
2025-05-01T08:26:00Z,0.9,8,4.4,84,24.1
2025-05-01T07:56:00Z,0.9,8,4.4,84,24.1
2025-05-01T07:26:00Z,0.9,8,4.5,84,24.1
2025-05-01T06:56:00Z,0.9,8,4.4,82,24.1
2025-05-01T06:26:00Z,0.9,8,4.4,80,24.1
2025-05-01T05:56:00Z,0.9,8,4.3,82,24.1
2025-05-01T05:26:00Z,0.8,8,4.4,79,24.1
2025-05-01T04:56:00Z,0.8,10,4.8,80,24.1
2025-05-01T04:26:00Z,0.8,8,4.8,76,24.1
2025-05-01T03:56:00Z,0.9,8,5,80,24
2025-05-01T03:26:00Z,0.8,7,4.7,86,24.1
2025-05-01T02:56:00Z,0.9,7,4.9,90,24.1
2025-05-01T02:26:00Z,0.9,8,4.8,83,24.1
2025-05-01T01:56:00Z,1,8,4.8,84,24.2
2025-05-01T01:26:00Z,1,8,4.8,86,24.2
2025-05-01T00:56:00Z,0.9,8,4.8,84,24.3
2025-05-01T00:26:00Z,1,8,4.7,83,24.3
2025-04-30T23:56:00Z,0.9,8,4.8,87,24.4
2025-04-30T22:56:00Z,0.9,8,5,87,24.5
2025-04-30T22:26:00Z,0.9,8,5.3,96,24.6
2025-04-30T21:56:00Z,0.9,8,5.1,87,24.6
2025-04-30T21:26:00Z,0.9,8,5.6,89,24.7
2025-04-30T20:56:00Z,0.8,8,5.5,89,24.7
2025-04-30T20:26:00Z,0.8,9,5.6,89,24.8
2025-04-30T19:56:00Z,0.9,8,5.8,90,24.8
2025-04-30T19:26:00Z,0.9,8,5.6,80,24.7
2025-04-30T18:56:00Z,0.9,8,5.7,89,24.8
2025-04-30T18:26:00Z,0.8,9,5.4,84,24.7
2025-04-30T17:56:00Z,0.8,8,5.3,84,24.5
2025-04-30T17:26:00Z,0.9,9,5.4,79,24.5
2025-04-30T16:56:00Z,0.9,8,5.3,86,24.3
2025-04-30T16:26:00Z,0.9,8,5.2,82,24.2
2025-04-30T15:56:00Z,0.9,9,5.1,83,24.1
2025-04-30T15:26:00Z,1,8,5,77,24
2025-04-30T14:56:00Z,1,8,5,84,24
2025-04-30T14:26:00Z,1,8,5,90,24
2025-04-30T13:56:00Z,1,8,5,89,23.9
2025-04-30T13:26:00Z,1,8,5,83,23.9
2025-04-30T12:56:00Z,1,6,5,90,23.9
2025-04-30T12:26:00Z,1.1,7,5.2,94,23.9
2025-04-30T11:56:00Z,1.1,8,5.2,79,23.9
2025-04-30T11:26:00Z,1.1,7,5.1,91,23.9
2025-04-30T10:56:00Z,1,8,5,93,24
2025-04-30T10:26:00Z,1.1,8,5.3,91,24
2025-04-30T09:56:00Z,1.1,7,5.2,84,24
2025-04-30T09:26:00Z,1.1,8,5.2,84,24
2025-04-30T08:56:00Z,1.1,8,5.2,91,24
2025-04-30T08:26:00Z,1.1,8,5.2,86,24
2025-04-30T07:56:00Z,1.1,8,4.9,89,24
2025-04-30T07:26:00Z,1.1,8,5,84,24
2025-04-30T06:56:00Z,1.1,8,4.9,91,24
2025-04-30T06:26:00Z,1.1,8,4.9,94,24
2025-04-30T05:56:00Z,1.1,8,4.8,90,24
2025-04-30T05:26:00Z,1.1,8,4.8,90,24
2025-04-30T04:56:00Z,1.1,8,4.8,89,24
2025-04-30T04:26:00Z,1,8,4.8,89,24
2025-04-30T03:56:00Z,1.1,8,4.8,86,24
2025-04-30T03:26:00Z,1.1,8,4.6,94,24
2025-04-30T02:56:00Z,1.1,7,4.8,90,24
2025-04-30T02:26:00Z,1.1,8,4.6,89,24.1
2025-04-30T01:56:00Z,1.1,8,4.8,90,24.1
2025-04-30T01:26:00Z,1.2,8,4.8,89,24.2
2025-04-30T00:56:00Z,1.3,8,4.7,89,24.2
2025-04-30T00:26:00Z,1.2,8,4.8,89,24.2
2025-04-29T23:56:00Z,1.2,8,4.8,89,24.2
2025-04-29T23:26:00Z,1.2,8,5,86,24.3
2025-04-29T22:56:00Z,1.2,8,5.1,93,24.3
2025-04-29T22:26:00Z,1.2,6,5.1,97,24.3
2025-04-29T21:56:00Z,1.2,8,5.2,89,24.4
2025-04-29T21:26:00Z,1.2,7,5.2,91,24.4
2025-04-29T20:56:00Z,1.3,8,5.3,86,24.4
2025-04-29T20:26:00Z,1.2,8,5.2,93,24.4
2025-04-29T19:56:00Z,1.2,8,5.2,89,24.4
2025-04-29T19:26:00Z,1.2,7,5.4,89,24.4
2025-04-29T18:56:00Z,1.2,7,5.4,91,24.4
2025-04-29T17:56:00Z,1.1,7,5.3,87,24.4
2025-04-29T17:26:00Z,1.2,8,5.5,91,24.3
2025-04-29T16:56:00Z,1.2,8,5.3,86,24.2
2025-04-29T16:26:00Z,1.2,9,5.2,79,24.2
2025-04-29T15:56:00Z,1.2,8,5.2,82,24.1
2025-04-29T15:26:00Z,1.3,7,5.2,79,24
2025-04-29T14:56:00Z,1.3,8,5.3,80,24
2025-04-29T14:26:00Z,1.3,7,5,79,24
2025-04-29T13:56:00Z,1.4,8,5.2,72,24
2025-04-29T13:26:00Z,1.4,6,4.9,82,24
2025-04-29T12:56:00Z,1.4,7,5,76,24
2025-04-29T12:26:00Z,1.5,7,4.9,77,24
2025-04-29T11:56:00Z,1.5,7,5.1,73,24
2025-04-29T11:26:00Z,1.6,7,5,80,24
2025-04-29T10:56:00Z,1.6,7,5.3,73,24
2025-04-29T10:26:00Z,1.6,7,5.1,84,24
2025-04-29T09:56:00Z,1.8,7,5.3,79,24
2025-04-29T09:26:00Z,1.7,7,5.2,80,24
2025-04-29T08:56:00Z,1.8,7,5.3,89,24
2025-04-29T08:26:00Z,1.7,8,5.3,76,24
2025-04-29T07:56:00Z,1.7,6,5.3,80,24
2025-04-29T07:26:00Z,1.6,8,5.1,68,24.1
2025-04-29T06:56:00Z,1.6,8,5.1,75,24.1
2025-04-29T06:26:00Z,1.4,8,5,75,24.1
2025-04-29T05:56:00Z,1.4,9,5,76,24.1
2025-04-29T05:26:00Z,1.3,8,4.9,73,24.1
2025-04-29T04:56:00Z,1.2,8,5,72,24.1
2025-04-29T04:26:00Z,1.1,9,5.3,75,24.1
2025-04-29T03:56:00Z,1.1,9,5.6,77,24.1
2025-04-29T03:26:00Z,1,9,5.4,69,24.1
2025-04-29T02:56:00Z,1,9,5.3,68,24.1
2025-04-29T02:26:00Z,1.1,9,5.9,66,24.1
2025-04-29T01:56:00Z,1.1,8,5.6,70,24
2025-04-29T01:26:00Z,1,8,5.2,80,24
2025-04-29T00:56:00Z,1.1,8,5.4,73,24.1
2025-04-29T00:26:00Z,1,8,5,80,24.1
2025-04-28T23:56:00Z,1,8,5.1,82,24.1
2025-04-28T23:26:00Z,1,9,5.1,70,24.1
2025-04-28T22:56:00Z,1.1,9,5,63,24.1
2025-04-28T22:26:00Z,1.1,8,5.1,76,24.1
2025-04-28T21:56:00Z,1.1,8,5,75,24.2
2025-04-28T21:26:00Z,1.1,8,4.9,68,24.2
2025-04-28T20:56:00Z,1.1,7,5.1,68,24.2
2025-04-28T20:26:00Z,1.1,8,4.7,65,24.2
2025-04-28T19:56:00Z,1.1,8,4.9,65,24.2
2025-04-28T19:26:00Z,1.1,8,4.9,70,24.2
2025-04-28T18:56:00Z,1.1,8,4.7,77,24.2
2025-04-28T18:26:00Z,1.1,8,4.8,80,24.2
2025-04-28T17:56:00Z,1.1,8,4.7,62,24.2
2025-04-28T17:26:00Z,1.1,8,4.5,77,24.2
2025-04-28T16:56:00Z,1.1,8,4.5,70,24.1
2025-04-28T16:26:00Z,1.1,6,4.4,44,24
2025-04-28T15:56:00Z,1,9,4.5,73,23.9
2025-04-28T15:26:00Z,1,9,5,77,23.9
2025-04-28T14:56:00Z,0.9,6,5.6,39,24.1
2025-04-28T14:26:00Z,0.9,6,5.6,38,24.2
2025-04-28T13:56:00Z,1,6,5.8,48,24.1
2025-04-28T13:26:00Z,0.9,9,5.8,84,24
2025-04-28T12:56:00Z,0.9,9,5.8,79,24
2025-04-28T12:26:00Z,0.9,6,5.7,39,24
2025-04-28T11:56:00Z,0.9,8,5.6,83,24
2025-04-28T11:26:00Z,0.9,9,5.5,87,23.9
2025-04-28T10:56:00Z,0.9,6,5.7,46,24
2025-04-28T10:26:00Z,0.9,8,5.5,87,24
2025-04-28T09:56:00Z,0.9,5,5.4,35,24.1
2025-04-28T09:26:00Z,0.9,8,5.4,91,24.1
2025-04-28T08:56:00Z,1,8,5.4,79,24.2
2025-04-28T08:26:00Z,0.9,8,5.4,91,24.2
2025-04-28T07:56:00Z,0.8,8,5.4,82,24.3
2025-04-28T07:26:00Z,0.8,8,6,86,24.2
2025-04-28T06:56:00Z,0.7,8,6.3,83,24.3
2025-04-28T06:26:00Z,0.7,8,6.2,84,24.3
2025-04-28T05:56:00Z,0.7,8,6.1,89,24.3
2025-04-28T05:26:00Z,0.7,9,6.1,94,24.2
2025-04-28T04:56:00Z,0.7,9,5.9,84,24.2
2025-04-28T04:26:00Z,0.7,9,6,91,24.2
2025-04-28T03:56:00Z,0.7,10,6,83,24.2
2025-04-28T03:26:00Z,0.7,9,5.7,91,24.2
2025-04-28T02:56:00Z,0.7,9,5.8,87,24.2
2025-04-28T02:26:00Z,0.8,10,5.9,86,24.2
2025-04-28T01:56:00Z,0.7,9,5.3,89,24.2
2025-04-28T01:26:00Z,0.7,9,5.1,101,24.2
2025-04-28T00:56:00Z,0.8,9,5.5,91,24.3
2025-04-28T00:26:00Z,0.8,9,5.5,91,24.3
2025-04-27T23:56:00Z,0.8,9,5.2,100,24.3
2025-04-27T23:26:00Z,0.8,8,5.3,100,24.5
2025-04-27T22:56:00Z,0.8,9,5.1,89,24.8
2025-04-27T22:26:00Z,0.7,9,5.3,93,24.9
2025-04-27T21:56:00Z,0.8,9,5.8,89,25
2025-04-27T21:26:00Z,0.8,8,5.9,96,24.9
2025-04-27T20:56:00Z,0.7,9,6,89,25.1
2025-04-27T20:26:00Z,0.8,8,6.8,97,25.3
2025-04-27T19:56:00Z,0.7,9,6.7,93,25.3
2025-04-27T19:26:00Z,0.8,8,6.8,96,25.1
2025-04-27T18:56:00Z,0.8,8,6.8,100,25.2
2025-04-27T18:26:00Z,0.8,9,7,94,25.4
2025-04-27T17:56:00Z,0.7,9,6.8,98,25.3
2025-04-27T17:26:00Z,0.7,9,6.5,89,25.2
2025-04-27T16:56:00Z,0.8,8,6.6,98,24.9
2025-04-27T16:26:00Z,0.7,10,6.6,94,24.8
2025-04-27T15:56:00Z,0.7,9,6,96,24.4
2025-04-27T15:26:00Z,0.7,10,5.8,103,24
2025-04-27T14:56:00Z,0.8,10,5.9,90,23.9
2025-04-27T14:26:00Z,0.8,9,5.5,96,23.8
2025-04-27T13:56:00Z,0.8,10,5.2,84,23.7
2025-04-27T13:26:00Z,0.8,10,5.2,87,23.7
2025-04-27T12:56:00Z,0.9,9,4.7,91,23.7
2025-04-27T12:26:00Z,0.9,9,4.9,90,23.7
2025-04-27T11:56:00Z,0.9,9,4.5,96,23.6
2025-04-27T11:26:00Z,1,9,4.8,87,23.6
2025-04-27T10:56:00Z,1,10,4.8,80,23.6
2025-04-27T10:26:00Z,1,9,4.6,86,23.6
2025-04-27T09:56:00Z,1,10,4.8,82,23.6
2025-04-27T09:26:00Z,1,9,4.5,89,23.6
2025-04-27T08:56:00Z,1,8,4.5,90,23.7
2025-04-27T08:26:00Z,1,8,4.6,91,23.7
2025-04-27T07:56:00Z,1.1,9,4.9,87,23.7
2025-04-27T07:26:00Z,1,9,4.5,94,23.7
2025-04-27T06:56:00Z,1.1,10,4.5,82,23.7
2025-04-27T06:26:00Z,1,9,4.7,86,23.8
2025-04-27T05:56:00Z,1.1,9,4.6,89,23.8
2025-04-27T05:26:00Z,1,8,4.5,89,23.8
2025-04-27T04:56:00Z,1,9,4.7,90,23.8
2025-04-27T04:26:00Z,1,11,4.5,84,23.8
2025-04-27T03:56:00Z,1,9,4.5,75,23.9
2025-04-27T03:26:00Z,0.9,10,4.8,89,24
2025-04-27T02:56:00Z,0.9,10,4.8,89,24
2025-04-27T02:26:00Z,0.9,10,5.3,80,24
2025-04-27T01:56:00Z,0.9,9,4.8,86,24
2025-04-27T01:26:00Z,0.9,11,4.9,86,24.1
2025-04-27T00:56:00Z,0.9,10,5,83,24.1
2025-04-27T00:26:00Z,0.8,11,5,94,24.1
2025-04-26T23:56:00Z,0.9,11,5.2,84,24.1
2025-04-26T23:26:00Z,0.9,11,5.3,80,24.2
2025-04-26T22:56:00Z,0.9,9,4.9,86,24.2
2025-04-26T22:26:00Z,0.9,10,5.1,87,24.3
2025-04-26T21:56:00Z,0.8,10,5,90,24.3
2025-04-26T21:26:00Z,0.9,9,5.2,86,24.3
2025-04-26T20:56:00Z,0.9,9,5.2,89,24.3
2025-04-26T20:26:00Z,0.8,10,5,86,24.3
2025-04-26T19:56:00Z,0.8,8,4.9,97,24.3
2025-04-26T19:26:00Z,0.9,9,5.1,89,24.3
2025-04-26T18:56:00Z,0.9,9,5.7,89,24.2
2025-04-26T18:26:00Z,0.9,9,5.8,91,24.3
2025-04-26T17:56:00Z,0.8,9,5.7,89,24.2
2025-04-26T17:26:00Z,0.8,10,5.8,82,24.2
2025-04-26T16:56:00Z,0.8,9,5.9,89,24.1
2025-04-26T16:26:00Z,0.8,9,6.2,86,24.1
2025-04-26T15:56:00Z,0.9,10,6.4,86,24
2025-04-26T15:26:00Z,0.8,10,6.2,93,24
2025-04-26T14:56:00Z,0.9,10,6.4,84,23.9
2025-04-26T14:26:00Z,0.8,9,6,90,23.9
2025-04-26T13:56:00Z,0.8,10,6,89,23.8
2025-04-26T13:26:00Z,0.8,10,5.7,87,23.7
2025-04-26T12:56:00Z,0.9,9,5.7,84,23.7
2025-04-26T12:26:00Z,0.9,9,5.3,76,23.7
2025-04-26T11:56:00Z,0.9,9,5.6,77,23.7
2025-04-26T11:26:00Z,0.9,9,5.2,87,23.7
2025-04-26T10:56:00Z,0.9,9,5,84,23.7
2025-04-26T10:26:00Z,1,9,5,80,23.7
2025-04-26T09:56:00Z,1,9,5.2,86,23.7
2025-04-26T09:26:00Z,1,9,5,83,23.7
2025-04-26T08:56:00Z,1,9,4.8,89,23.7
2025-04-26T08:26:00Z,0.9,8,4.8,89,23.7
2025-04-26T07:56:00Z,1,9,4.9,90,23.7
2025-04-26T07:26:00Z,1,8,5.1,84,23.7
2025-04-26T06:56:00Z,1,8,5.3,87,23.7
2025-04-26T06:26:00Z,0.9,9,5.2,90,23.7
2025-04-26T05:56:00Z,0.9,9,5.3,83,23.8
2025-04-26T05:26:00Z,0.9,9,5.6,84,23.8
2025-04-26T04:56:00Z,0.8,9,5.3,90,23.8
2025-04-26T04:26:00Z,0.8,9,5.5,89,23.8
2025-04-26T03:56:00Z,0.8,9,5.5,89,23.9
2025-04-26T03:26:00Z,0.8,9,5.4,80,23.9
2025-04-26T02:56:00Z,0.8,10,5.9,84,24
2025-04-26T02:26:00Z,0.8,9,5.6,86,24
2025-04-26T01:56:00Z,0.8,9,5.6,84,24.1
2025-04-26T01:26:00Z,0.8,9,5.7,86,24.1
2025-04-26T00:56:00Z,0.8,9,5.9,84,24.1
2025-04-26T00:26:00Z,0.8,9,5.6,87,24.1
2025-04-25T23:56:00Z,0.8,10,5.5,83,24.2
2025-04-25T23:26:00Z,0.8,9,5.4,82,24.2
2025-04-25T22:56:00Z,0.9,9,5.4,89,24.2
2025-04-25T22:26:00Z,0.9,9,5.6,84,24.3
2025-04-25T21:56:00Z,0.9,9,5.3,87,24.3
2025-04-25T21:26:00Z,0.9,9,5.6,89,24.4
2025-04-25T20:56:00Z,0.9,9,5.6,84,24.4
2025-04-25T20:26:00Z,0.9,9,5.5,90,24.5
2025-04-25T19:56:00Z,0.9,9,5.8,89,24.4
2025-04-25T19:26:00Z,0.9,8,5.4,90,24.3
2025-04-25T18:56:00Z,0.9,8,5.4,91,24.3
2025-04-25T18:26:00Z,0.9,9,5.5,89,24.2
2025-04-25T17:56:00Z,0.9,9,5.5,91,24.2
2025-04-25T17:26:00Z,0.9,8,5.7,86,24.1
2025-04-25T16:56:00Z,0.9,9,5.6,87,24
2025-04-25T16:26:00Z,0.8,9,5.4,91,23.9
2025-04-25T15:56:00Z,0.9,10,5.6,89,23.9
2025-04-25T15:26:00Z,0.8,9,5.2,93,23.8
2025-04-25T14:56:00Z,0.9,9,5.5,93,23.7
2025-04-25T14:26:00Z,0.8,8,5.1,84,23.7
2025-04-25T13:56:00Z,0.9,9,5.2,90,23.7
2025-04-25T13:26:00Z,0.9,9,5.2,90,23.7
2025-04-25T12:56:00Z,0.9,9,4.9,97,23.6
2025-04-25T12:26:00Z,0.9,9,4.9,89,23.6
2025-04-25T11:56:00Z,0.9,9,4.9,90,23.6
2025-04-25T11:26:00Z,1,9,4.8,86,23.6
2025-04-25T10:56:00Z,1,9,4.7,87,23.6
2025-04-25T10:26:00Z,1,9,4.5,91,23.6
2025-04-25T09:56:00Z,1,8,4.5,89,23.6
2025-04-25T09:26:00Z,1,8,4.4,82,23.6
2025-04-25T08:56:00Z,1,9,4.1,96,23.7
2025-04-25T08:26:00Z,1,8,4.1,90,23.7
2025-04-25T07:56:00Z,1,8,4.2,89,23.7
2025-04-25T07:26:00Z,0.9,8,4.2,90,23.7
2025-04-25T06:56:00Z,0.9,8,4.2,87,23.8
2025-04-25T06:26:00Z,0.9,9,4.7,87,23.8
2025-04-25T05:56:00Z,0.8,9,4.8,91,23.8
2025-04-25T05:26:00Z,0.7,9,5,94,23.9
2025-04-25T04:56:00Z,0.7,9,5.2,90,23.9
2025-04-25T04:26:00Z,0.7,8,5.2,86,23.9
2025-04-25T03:56:00Z,0.8,8,5.3,86,23.9
2025-04-25T03:26:00Z,0.7,8,5.1,90,23.9
2025-04-25T02:56:00Z,0.7,9,5.1,91,23.9
2025-04-25T02:26:00Z,0.7,9,5.1,89,23.9
2025-04-25T01:56:00Z,0.8,9,5.2,93,24
2025-04-25T01:26:00Z,0.8,9,5,82,24
2025-04-25T00:56:00Z,0.8,9,4.8,84,24
2025-04-25T00:26:00Z,0.8,8,4.9,87,24.1
2025-04-24T23:56:00Z,0.8,9,4.8,93,24.1
2025-04-24T23:26:00Z,0.8,9,4.8,86,24.1
2025-04-24T22:56:00Z,0.9,9,5.1,91,24.2
2025-04-24T22:26:00Z,0.8,8,5.1,84,24.3
2025-04-24T21:56:00Z,0.8,8,5.1,80,24.5
2025-04-24T21:26:00Z,0.8,8,4.9,86,24.8
2025-04-24T20:56:00Z,0.9,8,5.2,82,24.5
2025-04-24T20:26:00Z,0.8,8,5,79,24.9
2025-04-24T19:56:00Z,0.9,8,5,89,25
2025-04-24T19:26:00Z,0.8,8,5,79,24.9
2025-04-24T18:56:00Z,0.9,8,5.1,93,24.7
2025-04-24T18:26:00Z,0.8,8,5,90,24.7
2025-04-24T17:56:00Z,0.8,8,5.2,90,24.5
2025-04-24T17:26:00Z,0.9,8,5.4,90,24.3
2025-04-24T16:56:00Z,0.8,8,5.2,87,24.2
2025-04-24T16:26:00Z,0.8,8,5.2,91,23.9
2025-04-24T15:56:00Z,0.8,8,5.3,93,23.9
2025-04-24T15:26:00Z,0.9,8,5.6,91,23.8
2025-04-24T14:56:00Z,0.8,8,5.2,97,23.7
2025-04-24T14:26:00Z,0.8,9,5.3,89,23.6
2025-04-24T13:56:00Z,0.8,9,4.9,89,23.6
2025-04-24T13:26:00Z,0.8,9,5,90,23.5
2025-04-24T12:56:00Z,0.9,9,5.1,89,23.5
2025-04-24T12:26:00Z,0.9,9,5,82,23.5
2025-04-24T11:56:00Z,0.8,8,4.9,87,23.5
2025-04-24T11:26:00Z,0.8,8,4.7,83,23.5
2025-04-24T10:56:00Z,0.8,8,5,90,23.4
2025-04-24T10:26:00Z,0.7,9,4.8,84,23.5
2025-04-24T09:56:00Z,0.8,9,4.9,86,23.5
2025-04-24T09:26:00Z,0.8,8,5,89,23.5
2025-04-24T08:56:00Z,0.8,9,4.9,87,23.5
2025-04-24T08:26:00Z,0.8,8,4.8,89,23.5
2025-04-24T07:56:00Z,0.8,8,4.7,93,23.6
2025-04-24T07:26:00Z,0.7,8,4.7,84,23.6
2025-04-24T06:56:00Z,0.8,8,4.9,89,23.6
2025-04-24T06:26:00Z,0.8,8,4.8,90,23.6
2025-04-24T05:56:00Z,0.8,8,5.1,96,23.6
2025-04-24T05:26:00Z,0.7,8,5.2,90,23.6
2025-04-24T04:56:00Z,0.7,8,5.2,90,23.7
2025-04-24T04:26:00Z,0.7,8,5.1,89,23.7
2025-04-24T03:56:00Z,0.7,8,5.2,89,23.7
2025-04-24T03:26:00Z,0.7,8,5,86,23.7
2025-04-24T02:56:00Z,0.7,9,5.1,86,23.7
2025-04-24T02:26:00Z,0.7,9,5,83,23.7
2025-04-24T01:56:00Z,0.7,9,4.8,89,23.7
2025-04-24T01:26:00Z,0.7,9,4.7,82,23.7
2025-04-24T00:56:00Z,0.7,9,5,89,23.8
2025-04-24T00:26:00Z,0.7,10,5.1,90,23.8
2025-04-23T23:56:00Z,0.7,9,5,86,23.8
2025-04-23T23:26:00Z,0.6,9,5,100,23.9
2025-04-23T22:56:00Z,0.7,9,5.4,90,24
2025-04-23T22:26:00Z,0.6,10,5.6,94,24.1
2025-04-23T21:56:00Z,0.7,9,5.8,94,24.2
2025-04-23T21:26:00Z,0.6,9,5.9,89,24.3
2025-04-23T20:56:00Z,0.6,9,6,96,24.3
2025-04-23T20:26:00Z,0.6,9,5.7,91,24.3
2025-04-23T19:56:00Z,0.7,9,6.2,94,24.3
2025-04-23T19:26:00Z,0.7,10,6.2,90,24.7
2025-04-23T18:56:00Z,0.7,9,6.2,89,25
2025-04-23T18:26:00Z,0.7,10,6.1,83,25.2
2025-04-23T17:56:00Z,0.7,8,5.9,97,25.2
2025-04-23T17:26:00Z,0.7,10,6,86,25.1
2025-04-23T16:56:00Z,0.7,9,6,84,25.1
2025-04-23T16:26:00Z,0.7,8,6.3,90,24.9
2025-04-23T15:56:00Z,0.7,9,6,86,24.8
2025-04-23T15:26:00Z,0.6,10,5.8,84,24.1
2025-04-23T14:56:00Z,0.7,9,6.2,87,23.9
2025-04-23T14:26:00Z,0.6,9,5.9,94,23.7
2025-04-23T13:56:00Z,0.6,9,5.9,87,23.6
2025-04-23T13:26:00Z,0.7,9,6,91,23.4
2025-04-23T12:56:00Z,0.7,11,6,72,23.3
2025-04-23T12:26:00Z,0.7,10,6.2,83,23.2
2025-04-23T11:56:00Z,0.6,9,5.7,89,23.2
2025-04-23T11:26:00Z,0.6,10,5.5,83,23.2
2025-04-23T10:56:00Z,0.6,10,5.5,79,23.2
2025-04-23T10:26:00Z,0.7,9,5.2,89,23.2
2025-04-23T09:56:00Z,0.7,9,5,90,23.2
2025-04-23T09:26:00Z,0.7,9,4.8,96,23.2
2025-04-23T08:56:00Z,0.7,8,4.9,86,23.2
2025-04-23T08:26:00Z,0.7,9,4.6,83,23.3
2025-04-23T07:56:00Z,0.7,9,4.6,91,23.2
2025-04-23T07:26:00Z,0.7,10,4.5,89,23.3
2025-04-23T06:56:00Z,0.7,9,4.8,90,23.3
2025-04-23T06:26:00Z,0.7,8,4.4,90,23.3
2025-04-23T05:56:00Z,0.8,8,4.5,93,23.3
2025-04-23T05:26:00Z,0.7,8,4.2,93,23.3
2025-04-23T04:56:00Z,0.8,8,4.2,90,23.4
2025-04-23T04:26:00Z,0.7,8,4,96,23.4
2025-04-23T03:56:00Z,0.8,8,3.9,96,23.4
2025-04-23T03:26:00Z,0.8,9,4.2,87,23.4
2025-04-23T02:56:00Z,0.8,7,4,94,23.4
2025-04-23T02:26:00Z,0.7,8,4.2,90,23.4
2025-04-23T01:56:00Z,0.7,9,4.4,91,23.5
2025-04-23T01:26:00Z,0.7,8,4.5,84,23.5
2025-04-23T00:56:00Z,0.7,9,4.7,86,23.6
2025-04-23T00:26:00Z,0.7,8,4.9,93,23.6
2025-04-22T23:56:00Z,0.7,8,4.8,89,23.7
2025-04-22T23:26:00Z,0.7,8,4.9,96,23.7
2025-04-22T22:56:00Z,0.7,8,4.9,90,23.7
2025-04-22T22:26:00Z,0.7,8,5,94,23.8
2025-04-22T21:56:00Z,0.6,8,4.7,100,23.8
2025-04-22T21:26:00Z,0.7,8,5.2,89,23.8
2025-04-22T20:56:00Z,0.7,8,5,93,23.9
2025-04-22T20:26:00Z,0.6,8,5,93,23.9
2025-04-22T19:56:00Z,0.6,8,5.2,87,23.9
2025-04-22T19:26:00Z,0.6,8,5.1,106,23.9
2025-04-22T18:56:00Z,0.6,8,5.3,93,23.8
2025-04-22T18:26:00Z,0.6,8,5.1,97,23.8
2025-04-22T17:56:00Z,0.6,8,5.5,90,23.9
2025-04-22T17:26:00Z,0.6,8,5.2,97,24
2025-04-22T16:56:00Z,0.6,8,5.3,94,23.9
2025-04-22T16:26:00Z,0.6,8,5.2,101,23.8
2025-04-22T15:56:00Z,0.6,7,5,94,23.6
2025-04-22T15:26:00Z,0.7,8,5.3,100,23.5
2025-04-22T14:56:00Z,0.6,8,5,97,23.3
2025-04-22T14:26:00Z,0.7,8,5,93,23.3
2025-04-22T13:56:00Z,0.7,8,5,91,23.2
2025-04-22T13:26:00Z,0.7,8,4.9,89,23.2
2025-04-22T12:56:00Z,0.7,8,4.7,91,23.2
2025-04-22T12:26:00Z,0.7,8,4.5,91,23.2
2025-04-22T11:56:00Z,0.7,8,4.6,96,23.2
2025-04-22T11:26:00Z,0.7,8,4.2,94,23.2
2025-04-22T10:56:00Z,0.7,8,4.5,90,23.1
2025-04-22T10:26:00Z,0.7,8,4.4,91,23.1
2025-04-22T09:56:00Z,0.7,8,4.2,94,23.2
2025-04-22T09:26:00Z,0.7,8,4.2,93,23.1
2025-04-22T08:56:00Z,0.8,8,4.2,90,23.2
2025-04-22T08:26:00Z,0.8,8,4.2,90,23.2
2025-04-22T07:56:00Z,0.8,8,4,94,23.1
2025-04-22T07:26:00Z,0.8,8,3.9,90,23.1
2025-04-22T06:56:00Z,0.8,7,4,96,23.1
2025-04-22T06:26:00Z,0.8,8,4.1,91,23.1
2025-04-22T05:56:00Z,0.9,8,4.1,98,23.1
2025-04-22T05:26:00Z,0.8,8,4,97,23.1
2025-04-22T04:56:00Z,0.8,8,3.9,98,23.1
2025-04-22T04:26:00Z,0.9,8,4.1,98,23.1
2025-04-22T03:56:00Z,0.9,8,3.9,100,23.1
2025-04-22T03:26:00Z,0.9,8,4,96,23.2
2025-04-22T02:56:00Z,0.9,7,4,94,23.2
2025-04-22T02:26:00Z,0.9,8,4.2,96,23.2
2025-04-22T01:56:00Z,0.9,8,4.1,90,23.2
2025-04-22T01:26:00Z,0.9,8,4.2,91,23.2
2025-04-22T00:56:00Z,0.8,8,4.1,97,23.2
2025-04-22T00:26:00Z,0.8,8,4.2,100,23.2
2025-04-21T23:56:00Z,0.8,8,4.2,98,23.2
2025-04-21T22:56:00Z,0.8,8,4.4,104,23.3
2025-04-21T22:26:00Z,0.8,8,4.3,103,23.3
2025-04-21T21:56:00Z,0.8,8,4.5,93,23.3
2025-04-21T21:26:00Z,0.9,8,4.6,97,23.3
2025-04-21T20:56:00Z,0.8,8,4.4,98,23.3
2025-04-21T20:26:00Z,0.8,7,4.3,97,23.4
2025-04-21T19:56:00Z,0.8,8,4.2,100,23.4
2025-04-21T19:26:00Z,0.8,7,4.2,96,23.4
2025-04-21T18:56:00Z,0.9,5,4.2,124,23.4
2025-04-21T18:26:00Z,0.9,8,4.4,103,23.4
2025-04-21T17:56:00Z,0.8,8,4.5,103,23.4
2025-04-21T17:26:00Z,0.9,8,4.5,100,23.4
2025-04-21T16:56:00Z,0.9,8,4.6,96,23.4
2025-04-21T16:26:00Z,0.8,7,4.4,101,23.3
2025-04-21T15:56:00Z,0.9,7,4.5,100,23.3
2025-04-21T15:26:00Z,0.9,8,4.5,103,23.2
2025-04-21T14:56:00Z,0.9,8,4.4,98,23.1
2025-04-21T14:26:00Z,0.9,7,4.3,103,23
2025-04-21T13:56:00Z,0.9,8,4.4,106,23
2025-04-21T13:26:00Z,0.9,8,4.1,101,22.9
2025-04-21T12:56:00Z,0.9,8,4.1,96,22.9
2025-04-21T12:26:00Z,0.9,4,4,132,22.9
2025-04-21T11:56:00Z,0.9,4,4,138,22.9
2025-04-21T11:26:00Z,0.9,4,4,125,22.9
2025-04-21T10:56:00Z,1,8,4,100,22.9
2025-04-21T10:26:00Z,1,7,4.1,104,22.9
2025-04-21T09:56:00Z,1,5,4,122,22.9
2025-04-21T09:26:00Z,1,8,4.1,97,22.9
2025-04-21T08:56:00Z,1,7,4,108,22.9
2025-04-21T08:26:00Z,1,8,4.1,100,22.9
2025-04-21T07:56:00Z,0.9,7,4,108,22.9
2025-04-21T07:26:00Z,0.9,4,4.1,128,22.9
2025-04-21T06:56:00Z,1,5,4.1,114,22.9
2025-04-21T06:26:00Z,0.9,6,4.2,107,22.9
2025-04-21T05:56:00Z,1,5,4.1,115,22.9
2025-04-21T05:26:00Z,1,6,4.2,108,22.9
2025-04-21T04:56:00Z,1,5,4.2,110,22.9
2025-04-21T04:26:00Z,1,7,4.2,106,22.9
2025-04-21T03:56:00Z,1,8,4.1,103,22.9
2025-04-21T03:26:00Z,1,8,4.1,108,22.9
2025-04-21T02:56:00Z,1,8,4.3,103,23
2025-04-21T02:26:00Z,1,8,4.3,104,22.9
2025-04-21T01:56:00Z,1,8,4.3,107,23
2025-04-21T01:26:00Z,1,8,4.3,106,23
2025-04-21T00:56:00Z,1,8,4.4,107,23
2025-04-21T00:26:00Z,0.9,8,4.4,104,23
2025-04-20T23:56:00Z,0.9,5,4.4,115,23
2025-04-20T23:26:00Z,1,8,4.5,101,23
2025-04-20T22:56:00Z,1,8,4.6,104,23.1
2025-04-20T22:26:00Z,1,7,4.7,100,23.1
2025-04-20T21:56:00Z,1,8,4.7,103,23.2
2025-04-20T21:26:00Z,0.9,5,4.5,121,23.1
2025-04-20T20:56:00Z,0.9,5,4.6,111,23.1
2025-04-20T20:26:00Z,1,8,4.7,101,23.3
2025-04-20T19:56:00Z,1,8,4.8,98,23.3
2025-04-20T19:26:00Z,1,6,4.6,104,23.1
2025-04-20T18:56:00Z,1,8,4.7,107,23
2025-04-20T18:26:00Z,1,5,4.5,121,23.1
2025-04-20T17:56:00Z,1,7,4.5,100,23
2025-04-20T17:26:00Z,1.1,4,4.4,124,22.8
2025-04-20T16:56:00Z,1.1,7,4.5,101,22.7
2025-04-20T16:26:00Z,1.1,5,4.2,118,22.6
2025-04-20T15:56:00Z,1.2,7,4.4,103,22.6
2025-04-20T15:26:00Z,1.2,4,4.3,127,22.6
2025-04-20T14:56:00Z,1.2,8,4.2,104,22.5
2025-04-20T14:26:00Z,1.2,8,4.3,96,22.5
2025-04-20T13:56:00Z,1.1,5,4.2,121,22.5
2025-04-20T13:26:00Z,1.2,6,4.4,107,22.4
2025-04-20T12:56:00Z,1.2,7,4.3,101,22.4
2025-04-20T12:26:00Z,1.1,5,4.2,124,22.4
2025-04-20T11:56:00Z,1.2,7,4.4,97,22.4
2025-04-20T11:26:00Z,1.2,8,4.3,96,22.4
2025-04-20T10:56:00Z,1.1,6,4.3,101,22.5
2025-04-20T10:26:00Z,1.1,8,4.3,98,22.5
2025-04-20T09:56:00Z,1.1,8,4.5,106,22.5
2025-04-20T09:26:00Z,1,7,4.4,98,22.5
2025-04-20T08:56:00Z,1,8,4.4,104,22.5
2025-04-20T08:26:00Z,1,8,4.5,103,22.6
2025-04-20T07:56:00Z,1,8,4.5,107,22.6
2025-04-20T07:26:00Z,1,8,4.5,97,22.6
2025-04-20T06:56:00Z,1.1,8,4.5,101,22.5
2025-04-20T06:26:00Z,1,8,4.5,98,22.5
2025-04-20T05:56:00Z,1.1,8,4.8,101,22.5
2025-04-20T05:26:00Z,1,7,4.6,101,22.6
2025-04-20T04:56:00Z,1.1,8,4.8,97,22.6
2025-04-20T04:26:00Z,1.1,7,4.8,96,22.6
2025-04-20T03:56:00Z,1,8,4.4,100,22.6
2025-04-20T03:26:00Z,1.1,7,4.5,100,22.6
2025-04-20T02:56:00Z,1,7,4.5,103,22.6
2025-04-20T02:26:00Z,1,8,4.7,100,22.6
2025-04-20T01:56:00Z,1,7,4.7,98,22.6
2025-04-20T01:26:00Z,1,6,4.7,96,22.6
2025-04-20T00:56:00Z,1.1,6,4.7,97,22.7
2025-04-20T00:26:00Z,1,7,4.5,108,22.7
2025-04-19T23:56:00Z,1,6,4.4,91,22.7
2025-04-19T23:26:00Z,1,7,4.4,100,22.7
2025-04-19T22:56:00Z,1,7,4.4,93,22.8
2025-04-19T22:26:00Z,1,6,4.5,94,22.8
2025-04-19T21:56:00Z,0.9,7,4.4,93,22.9
2025-04-19T21:26:00Z,0.9,7,4.4,96,22.8
2025-04-19T20:56:00Z,0.9,7,4.2,93,22.9
2025-04-19T20:26:00Z,0.8,7,4.2,96,22.8
2025-04-19T19:56:00Z,0.9,6,4.3,89,22.9
2025-04-19T19:26:00Z,0.8,6,4.2,91,22.9
2025-04-19T18:56:00Z,0.8,7,4.3,96,22.9
2025-04-19T18:26:00Z,0.9,7,4.4,98,22.8
2025-04-19T17:56:00Z,0.8,7,4.3,93,22.8
2025-04-19T17:26:00Z,0.8,6,4.3,94,22.7
2025-04-19T16:56:00Z,0.7,6,4.4,90,22.7
2025-04-19T16:26:00Z,0.8,6,4.7,94,22.7
2025-04-19T15:56:00Z,0.8,6,4.6,96,22.6
2025-04-19T15:26:00Z,0.8,6,4.7,94,22.5
2025-04-19T14:56:00Z,0.8,6,4.5,97,22.5
2025-04-19T14:26:00Z,0.9,6,4.7,97,22.4
2025-04-19T13:56:00Z,0.8,6,4.5,101,22.3
2025-04-19T13:26:00Z,0.9,6,4.7,96,22.2
2025-04-19T12:56:00Z,0.8,5,4.4,98,22.2
2025-04-19T12:26:00Z,0.8,6,4.4,90,22.1
2025-04-19T11:56:00Z,0.9,6,4.5,89,22.1
2025-04-19T11:26:00Z,0.8,6,4.2,94,22.1
2025-04-19T10:56:00Z,0.9,6,4.3,100,22.1
2025-04-19T10:26:00Z,0.8,6,4.2,98,22.1
2025-04-19T09:56:00Z,0.9,6,4.2,90,22.2
2025-04-19T09:26:00Z,0.9,6,4.2,97,22.2
2025-04-19T08:56:00Z,0.8,6,4.2,82,22.2
2025-04-19T08:26:00Z,0.9,6,4.1,91,22.2
2025-04-19T07:56:00Z,0.9,5,4.1,97,22.2
2025-04-19T07:26:00Z,0.8,6,4,96,22.2
2025-04-19T06:56:00Z,0.8,6,4,96,22.3
2025-04-19T06:26:00Z,0.9,6,4,91,22.3
2025-04-19T05:56:00Z,0.8,5,4,103,22.3
2025-04-19T05:26:00Z,0.8,5,4,98,22.3
2025-04-19T04:56:00Z,0.9,5,4.1,101,22.3
2025-04-19T04:26:00Z,0.9,6,4,103,22.3
2025-04-19T03:56:00Z,1,6,4,93,22.3
2025-04-19T03:26:00Z,1,5,4,103,22.3
2025-04-19T02:56:00Z,1,5,4,106,22.3
2025-04-19T02:26:00Z,1.1,6,4.1,100,22.3
2025-04-19T01:56:00Z,1.1,5,4.2,100,22.3
2025-04-19T01:26:00Z,1,5,4,97,22.3
2025-04-19T00:56:00Z,1.1,6,4.2,93,22.3
2025-04-19T00:26:00Z,1,5,4.1,90,22.4
2025-04-18T23:56:00Z,1.1,5,4.2,100,22.4
2025-04-18T23:26:00Z,1.1,6,4.2,90,22.4
2025-04-18T22:56:00Z,1,5,4.3,84,22.5
2025-04-18T22:26:00Z,1.1,6,4.5,83,22.5
2025-04-18T21:56:00Z,1,6,4.3,87,22.5
2025-04-18T21:26:00Z,1,5,4.2,86,22.5
2025-04-18T20:56:00Z,0.9,5,4,89,22.5
2025-04-18T20:26:00Z,0.8,4,3.7,87,22.5
2025-04-18T19:56:00Z,0.7,4,3.5,80,22.5
2025-04-18T19:26:00Z,0.6,4,3.4,87,22.6
2025-04-18T18:56:00Z,0.5,4,3.8,87,22.6
2025-04-18T18:26:00Z,0.4,4,4,93,22.8
2025-04-18T17:26:00Z,0.5,4,3.9,90,23
2025-04-18T16:56:00Z,0.5,8,3.9,89,22.9
2025-04-18T16:26:00Z,0.5,4,3.7,98,22.7
2025-04-18T15:56:00Z,0.5,4,3.7,101,22.5
2025-04-18T15:26:00Z,0.5,4,3.6,82,22.3
2025-04-18T14:56:00Z,0.5,7,3.6,72,22.2
2025-04-18T14:26:00Z,0.6,4,3.5,93,22.1
2025-04-18T13:56:00Z,0.6,4,3.6,91,22.1
2025-04-18T13:26:00Z,0.6,4,3.6,87,22
2025-04-18T12:56:00Z,0.6,4,3.5,103,22
2025-04-18T12:26:00Z,0.6,4,3.4,94,22
2025-04-18T11:56:00Z,0.6,4,3.5,103,22
2025-04-18T11:26:00Z,0.6,4,3.5,97,22
2025-04-18T10:56:00Z,0.6,4,3.6,97,21.9
2025-04-18T10:26:00Z,0.7,4,3.7,101,21.9
2025-04-18T09:56:00Z,0.7,4,3.7,87,22
2025-04-18T09:26:00Z,0.7,4,3.5,98,22
2025-04-18T08:56:00Z,0.7,4,3.5,98,22
2025-04-18T08:26:00Z,0.7,4,3.5,90,22
2025-04-18T07:56:00Z,0.7,4,3.5,97,22
2025-04-18T07:26:00Z,0.7,4,3.5,97,22
2025-04-18T06:56:00Z,0.7,4,3.5,97,22
2025-04-18T06:26:00Z,0.7,4,3.4,97,22
2025-04-18T05:56:00Z,0.7,4,3.4,104,22
2025-04-18T05:26:00Z,0.7,3,3.3,97,22
2025-04-18T04:56:00Z,0.7,3,3.3,94,22
2025-04-18T04:26:00Z,0.6,3,3.3,94,22
2025-04-18T03:56:00Z,0.6,3,3.2,93,22.1
2025-04-18T03:26:00Z,0.6,3,3.3,91,22.1
2025-04-18T02:56:00Z,0.6,3,3.3,80,22.1
2025-04-18T02:26:00Z,0.6,3,3.3,66,22.1
2025-04-18T01:56:00Z,0.6,3,3.3,63,22.1
2025-04-18T01:26:00Z,0.6,3,3.4,65,22.1
2025-04-18T00:56:00Z,0.6,3,3.2,59,22.2
2025-04-18T00:26:00Z,0.6,3,3.3,66,22.2
2025-04-17T23:56:00Z,0.6,3,3.3,61,22.2
2025-04-17T22:56:00Z,0.6,6,3.4,55,22.4
2025-04-17T22:26:00Z,0.5,7,3.6,59,22.5
2025-04-17T21:56:00Z,0.5,7,3.6,65,22.7
2025-04-17T21:26:00Z,0.4,6,3.9,62,22.8
2025-04-17T20:56:00Z,0.4,7,4.4,55,22.9
2025-04-17T20:26:00Z,0.4,7,5.1,61,22.9
2025-04-17T19:56:00Z,0.4,7,5.5,58,23
2025-04-17T19:26:00Z,0.4,7,5.5,52,23.2
2025-04-17T18:56:00Z,0.4,7,5.4,58,23.6
2025-04-17T18:26:00Z,0.4,6,5.4,55,23.7
2025-04-17T17:56:00Z,0.4,6,5.3,56,23.9
2025-04-17T17:26:00Z,0.4,7,5.4,55,24.3
2025-04-17T16:56:00Z,0.4,7,5.3,55,23.1
2025-04-17T16:26:00Z,0.4,6,5.4,49,23.1
2025-04-17T15:56:00Z,0.4,6,5.2,51,22.6
2025-04-17T15:26:00Z,0.4,7,5.2,52,22.4
2025-04-17T14:56:00Z,0.4,6,5.2,56,22.3
2025-04-17T14:26:00Z,0.4,5,5.1,39,22.1
2025-04-17T13:56:00Z,0.4,5,4.9,39,22
2025-04-17T13:26:00Z,0.4,5,4.8,37,22
2025-04-17T12:56:00Z,0.4,5,4.6,34,21.9
2025-04-17T12:26:00Z,0.4,6,4.6,52,21.9
2025-04-17T11:56:00Z,0.4,6,4.6,51,21.9
2025-04-17T11:26:00Z,0.4,5,4.4,46,21.9
2025-04-17T10:56:00Z,0.4,4,4.4,31,21.8
2025-04-17T10:26:00Z,0.4,6,4.3,53,21.9
2025-04-17T09:56:00Z,0.4,6,4.4,53,21.9
2025-04-17T09:26:00Z,0.4,6,4.5,56,21.9
2025-04-17T08:56:00Z,0.4,6,4.8,56,21.9
2025-04-17T08:26:00Z,0.5,6,4.8,59,21.9
2025-04-17T07:56:00Z,0.4,5,4.7,27,21.9
2025-04-17T07:26:00Z,0.5,6,4.8,51,21.9
2025-04-17T06:56:00Z,0.5,5,4.7,25,21.9
2025-04-17T06:26:00Z,0.5,5,4.6,24,21.9
2025-04-17T05:56:00Z,0.5,5,4.7,21,21.9
2025-04-17T05:26:00Z,0.5,6,4.6,49,21.9
2025-04-17T04:56:00Z,0.5,5,4.6,27,21.9
2025-04-17T04:26:00Z,0.5,5,4.6,28,21.9
2025-04-17T03:56:00Z,0.5,6,4.5,23,21.9
2025-04-17T03:26:00Z,0.6,6,4.6,35,21.9
2025-04-17T02:56:00Z,0.6,6,4.5,21,21.9
2025-04-17T02:26:00Z,0.6,6,4.5,21,21.9
2025-04-17T01:56:00Z,0.7,6,4.5,30,21.9
2025-04-17T01:26:00Z,0.7,6,4.6,28,21.9
2025-04-17T00:56:00Z,0.7,6,4.5,37,21.9
2025-04-17T00:26:00Z,0.7,5,4.5,23,21.9
2025-04-16T23:56:00Z,0.7,6,4.5,23,22
2025-04-16T23:26:00Z,0.9,6,4.7,24,22
2025-04-16T22:56:00Z,0.9,6,4.6,27,22
2025-04-16T22:26:00Z,0.9,6,4.5,32,22
2025-04-16T21:56:00Z,0.9,6,4.5,23,22.1
2025-04-16T21:26:00Z,0.9,5,4.4,20,22.1
2025-04-16T20:56:00Z,1,6,4.5,17,22.1
2025-04-16T20:26:00Z,0.9,6,4.5,23,22.1
2025-04-16T19:56:00Z,1,6,4.3,16,22.1
2025-04-16T19:26:00Z,1,6,4.3,16,22
2025-04-16T18:56:00Z,1,6,4.3,13,22
2025-04-16T18:26:00Z,1,6,4.2,10,22
2025-04-16T17:56:00Z,1.2,6,4.3,16,22
2025-04-16T17:26:00Z,1.2,6,4.4,17,21.9
2025-04-16T16:56:00Z,1.1,6,4.1,14,21.9
2025-04-16T16:26:00Z,1.2,6,4.1,14,21.9
2025-04-16T15:56:00Z,1.2,6,4.2,14,21.9
2025-04-16T15:26:00Z,1.2,5,4.2,11,21.9
2025-04-16T14:56:00Z,1.2,5,4.2,6,21.9
2025-04-16T14:26:00Z,1.1,5,4.1,6,21.8
2025-04-16T13:56:00Z,1.1,5,4.1,7,21.8
2025-04-16T13:26:00Z,1.2,5,4.1,7,21.8
2025-04-16T12:56:00Z,1.1,5,4,6,21.8
2025-04-16T12:26:00Z,1,5,3.9,8,21.8
2025-04-16T11:56:00Z,0.9,4,3.6,353,21.8
2025-04-16T11:26:00Z,0.8,4,3.5,359,21.8
2025-04-16T10:56:00Z,0.8,4,3.4,356,21.8
2025-04-16T10:26:00Z,0.8,4,3.4,352,21.8
2025-04-16T09:56:00Z,0.8,4,3.4,352,21.8
2025-04-16T09:26:00Z,0.8,5,3.4,0,21.8
2025-04-16T08:56:00Z,0.7,4,3.4,354,21.8
2025-04-16T08:26:00Z,0.6,4,3.3,352,21.8
2025-04-16T07:56:00Z,0.6,4,3.2,345,21.8
2025-04-16T07:26:00Z,0.6,4,3,345,21.8
2025-04-16T06:56:00Z,0.7,4,3.1,332,21.8
2025-04-16T06:26:00Z,0.6,3,2.9,322,21.8
2025-04-16T05:56:00Z,0.5,3,2.7,259,21.9
2025-04-16T05:26:00Z,0.5,3,2.9,245,21.9
2025-04-16T04:56:00Z,0.6,3,2.8,246,21.9
2025-04-16T04:26:00Z,0.6,3,2.9,233,21.9
2025-04-16T03:56:00Z,0.7,3,2.9,235,21.9
2025-04-16T03:26:00Z,0.7,3,2.9,239,22
2025-04-16T02:56:00Z,0.7,3,2.9,231,22
2025-04-16T02:26:00Z,0.6,3,2.9,235,22
2025-04-16T01:56:00Z,0.6,3,2.9,248,22.1
2025-04-16T01:26:00Z,0.6,3,3,235,22.1
2025-04-16T00:56:00Z,0.6,3,2.9,246,22
2025-04-16T00:26:00Z,0.5,3,3,235,22
2025-04-15T23:56:00Z,0.5,3,3.1,235,21.9
2025-04-15T23:26:00Z,0.5,3,3.1,242,21.9
2025-04-15T22:56:00Z,0.5,3,3.1,235,21.9
2025-04-15T22:26:00Z,0.5,3,3.1,225,21.9
2025-04-15T21:56:00Z,0.5,3,3.1,233,21.9
2025-04-15T21:26:00Z,0.5,3,3.1,236,22
2025-04-15T20:56:00Z,0.5,3,3.1,241,21.9
2025-04-15T20:26:00Z,0.5,3,3.1,238,21.9
2025-04-15T19:56:00Z,0.6,3,3,233,21.9
2025-04-15T19:26:00Z,0.5,3,3,233,21.9
2025-04-15T18:56:00Z,0.6,3,3.1,238,21.9
2025-04-15T18:26:00Z,0.6,3,3.1,253,21.9
2025-04-15T17:56:00Z,0.6,3,3.1,239,21.8
2025-04-15T17:26:00Z,0.6,3,3.1,263,21.7
2025-04-15T16:56:00Z,0.6,3,3.1,270,21.7
2025-04-15T16:26:00Z,0.6,3,3.2,260,21.7
2025-04-15T15:56:00Z,0.7,3,3.2,271,21.6
2025-04-15T15:26:00Z,0.7,3,3.2,284,21.6
2025-04-15T14:56:00Z,0.6,3,3.1,269,21.5
2025-04-15T14:26:00Z,0.6,3,3.2,263,21.5
2025-04-15T13:56:00Z,0.6,3,3.3,294,21.5
2025-04-15T13:26:00Z,0.6,3,3.3,288,21.4
2025-04-15T12:56:00Z,0.6,3,3.3,283,21.4
2025-04-15T12:26:00Z,0.6,3,3.3,274,21.4
2025-04-15T11:56:00Z,0.7,3,3.3,267,21.3
2025-04-15T11:26:00Z,0.7,3,3.2,264,21.3
2025-04-15T10:56:00Z,0.7,3,3.3,257,21.3
2025-04-15T10:26:00Z,0.7,3,3.3,256,21.3
2025-04-15T09:56:00Z,0.7,3,3.3,239,21.3
2025-04-15T09:26:00Z,0.7,3,3.3,236,21.3
2025-04-15T08:56:00Z,0.7,5,3.4,153,21.3
2025-04-15T08:26:00Z,0.8,5,3.5,152,21.3
2025-04-15T07:56:00Z,0.8,5,3.6,151,21.3
2025-04-15T07:26:00Z,0.8,4,3.5,152,21.3
2025-04-15T06:56:00Z,0.8,4,3.5,151,21.3
2025-04-15T06:26:00Z,0.8,4,3.5,152,21.3
2025-04-15T05:56:00Z,0.8,4,3.6,162,21.3
2025-04-15T05:26:00Z,0.7,4,3.6,163,21.3
2025-04-15T04:56:00Z,0.7,4,3.6,159,21.3
2025-04-15T04:26:00Z,0.7,4,3.7,165,21.4
2025-04-15T03:56:00Z,0.7,4,3.6,169,21.4
2025-04-15T03:26:00Z,0.7,4,3.4,163,21.4
2025-04-15T02:56:00Z,0.7,10,3.5,62,21.4
2025-04-15T02:26:00Z,0.7,3,3.3,166,21.5
2025-04-15T01:56:00Z,0.6,11,3.4,53,21.5
2025-04-15T01:26:00Z,0.6,10,3.3,63,21.5
2025-04-15T00:56:00Z,0.6,10,3.4,66,21.5
2025-04-15T00:26:00Z,0.6,11,3.5,65,21.5
2025-04-14T23:56:00Z,0.6,8,3.6,76,21.5
2025-04-14T23:26:00Z,0.6,9,3.6,68,21.6
2025-04-14T22:56:00Z,0.6,8,3.5,69,21.6
2025-04-14T22:26:00Z,0.6,10,3.6,65,21.7
2025-04-14T21:56:00Z,0.5,11,3.9,62,21.7
2025-04-14T21:26:00Z,0.5,11,3.9,59,21.8
2025-04-14T20:56:00Z,0.5,10,4.3,61,21.8
2025-04-14T20:26:00Z,0.5,10,4.8,68,21.8
2025-04-14T19:56:00Z,0.4,10,5.2,62,21.7
2025-04-14T19:26:00Z,0.5,11,6.5,65,21.8
2025-04-14T18:56:00Z,0.5,9,6.3,68,21.9
2025-04-14T18:26:00Z,0.5,10,6.5,55,21.9
2025-04-14T17:56:00Z,0.5,11,6.2,63,21.9
2025-04-14T17:26:00Z,0.5,10,6.4,63,21.8
2025-04-14T16:56:00Z,0.5,10,5.5,66,21.5
2025-04-14T16:26:00Z,0.5,10,5.5,66,21.4
2025-04-14T15:56:00Z,0.6,10,5,59,21.3
2025-04-14T15:26:00Z,0.6,11,4.7,53,21.2
2025-04-14T14:56:00Z,0.6,11,4.9,55,21.1
2025-04-14T14:26:00Z,0.6,11,4.6,62,21.1
2025-04-14T13:56:00Z,0.6,11,4.3,52,21.1
2025-04-14T13:26:00Z,0.6,8,4.4,59,21
2025-04-14T12:56:00Z,0.6,10,4.7,63,21
2025-04-14T12:26:00Z,0.6,10,4.6,62,21
2025-04-14T11:56:00Z,0.6,11,4.5,53,21
2025-04-14T11:26:00Z,0.6,8,4.5,56,21
2025-04-14T10:56:00Z,0.7,8,4.4,59,20.9
2025-04-14T10:26:00Z,0.7,8,4.5,69,20.9
2025-04-14T09:56:00Z,0.7,8,4.3,63,20.9
2025-04-14T09:26:00Z,0.7,8,4.2,62,20.9
2025-04-14T08:56:00Z,0.7,8,4.3,61,20.9
2025-04-14T08:26:00Z,0.7,8,4.4,65,20.9
2025-04-14T07:56:00Z,0.6,8,4.4,70,20.9
2025-04-14T07:26:00Z,0.6,8,4.6,70,20.9
2025-04-14T06:56:00Z,0.6,8,4.9,69,20.9
2025-04-14T06:26:00Z,0.6,8,5,62,20.9
2025-04-14T05:56:00Z,0.6,8,5.1,66,21
2025-04-14T05:26:00Z,0.6,8,5.4,70,21
2025-04-14T04:56:00Z,0.6,8,5.2,66,21
2025-04-14T04:26:00Z,0.6,9,5.1,61,21
2025-04-14T03:56:00Z,0.6,9,5.1,58,21.1
2025-04-14T03:26:00Z,0.7,6,5.1,28,21.1
2025-04-14T02:56:00Z,0.7,6,5,30,21.1
2025-04-14T02:26:00Z,0.7,8,5,58,21.1
2025-04-14T01:56:00Z,0.8,9,5,53,21.1
2025-04-14T01:26:00Z,0.8,5,4.9,31,21.1
2025-04-14T00:56:00Z,0.7,6,4.8,35,21.1
2025-04-14T00:26:00Z,0.8,6,5,31,21.2
2025-04-13T23:56:00Z,0.8,8,5,65,21.2
2025-04-13T22:56:00Z,0.7,5,5.1,30,21.2
2025-04-13T22:26:00Z,0.7,8,5.3,62,21.3
2025-04-13T21:56:00Z,0.8,8,5.4,65,21.3
2025-04-13T21:26:00Z,0.7,8,5.2,59,21.3
2025-04-13T20:56:00Z,0.7,8,5.3,68,21.3
2025-04-13T20:26:00Z,0.7,8,4.9,61,21.3
2025-04-13T19:56:00Z,0.7,8,4.7,66,21.4
2025-04-13T19:26:00Z,0.7,8,4.6,61,21.3
2025-04-13T18:56:00Z,0.7,8,4.5,73,21.3
2025-04-13T18:26:00Z,0.7,8,4.4,65,21.3
2025-04-13T17:56:00Z,0.7,8,4.5,61,21.2
2025-04-13T17:26:00Z,0.8,9,4.4,55,21.2
2025-04-13T16:56:00Z,0.8,8,4.2,68,21.1
2025-04-13T16:26:00Z,0.7,8,4,62,21.2
2025-04-13T15:56:00Z,0.8,8,4.5,58,21.2
2025-04-13T15:26:00Z,0.8,7,4.5,59,21.2
2025-04-13T14:56:00Z,0.8,7,4.9,58,21.2
2025-04-13T14:26:00Z,0.8,8,5.2,56,21.1
2025-04-13T13:56:00Z,0.8,9,5.3,62,21.1
2025-04-13T13:26:00Z,0.8,7,5.3,63,21.1
2025-04-13T12:56:00Z,0.8,6,5.1,56,21.1
2025-04-13T12:26:00Z,0.9,9,5.2,61,21.1
2025-04-13T11:56:00Z,0.8,9,5.3,61,21.1
2025-04-13T11:26:00Z,0.8,9,5.5,66,21.1
2025-04-13T10:56:00Z,0.8,7,5.4,58,21
2025-04-13T10:26:00Z,0.8,9,5.4,66,21
2025-04-13T09:56:00Z,0.9,8,5.5,58,21
2025-04-13T09:26:00Z,0.8,9,5.6,59,21.1
2025-04-13T08:56:00Z,0.9,9,6,63,21.1
2025-04-13T08:26:00Z,0.8,8,6,62,21
2025-04-13T07:56:00Z,0.8,9,6.2,63,21
2025-04-13T07:26:00Z,0.8,9,6.1,68,21.1
2025-04-13T06:56:00Z,0.8,9,6.1,66,21.1
2025-04-13T06:26:00Z,0.8,8,5.7,65,21.1
2025-04-13T05:56:00Z,0.8,9,6,73,21.1
2025-04-13T05:26:00Z,0.8,9,5.8,62,21.1
2025-04-13T04:56:00Z,0.8,9,5.7,66,21.1
2025-04-13T04:26:00Z,0.8,9,5.5,70,21.1
2025-04-13T03:56:00Z,0.8,10,5.6,63,21.2
2025-04-13T03:26:00Z,0.8,10,5.4,59,21.2
2025-04-13T02:56:00Z,0.8,10,5.3,62,21.2
2025-04-13T02:26:00Z,0.9,9,5.3,69,21.2
2025-04-13T01:56:00Z,0.8,10,5.2,66,21.3
2025-04-13T01:26:00Z,0.9,9,5.2,68,21.3
2025-04-13T00:56:00Z,0.9,5,5.2,27,21.3
2025-04-13T00:26:00Z,0.9,9,5,69,21.3
2025-04-12T23:56:00Z,0.9,10,5.1,55,21.3
2025-04-12T23:26:00Z,0.9,8,5,68,21.3
2025-04-12T22:56:00Z,0.8,10,5.1,65,21.3
2025-04-12T22:26:00Z,0.8,10,4.8,62,21.3
2025-04-12T21:56:00Z,0.8,8,4.7,68,21.3
2025-04-12T21:26:00Z,0.8,9,4.8,68,21.3
2025-04-12T20:56:00Z,0.8,8,4.7,68,21.3
2025-04-12T20:26:00Z,0.8,9,4.5,75,21.3
2025-04-12T19:56:00Z,0.8,10,4.6,69,21.3
2025-04-12T19:26:00Z,0.8,9,4.3,73,21.3
2025-04-12T18:56:00Z,0.9,8,4.1,76,21.3
2025-04-12T18:26:00Z,0.9,8,4.1,80,21.3
2025-04-12T17:56:00Z,0.9,8,4.1,80,21.3
2025-04-12T17:26:00Z,0.9,5,4.2,11,21.3
2025-04-12T16:56:00Z,0.9,5,4.3,7,21.3
2025-04-12T16:26:00Z,0.9,5,4.3,6,21.3
2025-04-12T15:56:00Z,1,6,4.3,10,21.2
2025-04-12T15:26:00Z,1.1,6,4.4,8,21.2
2025-04-12T14:56:00Z,1.1,5,4.3,7,21.2
2025-04-12T14:26:00Z,1.1,6,4.3,11,21.2
2025-04-12T13:56:00Z,1.1,6,4.2,6,21.2
2025-04-12T13:26:00Z,1.2,5,4.3,8,21.3
2025-04-12T12:56:00Z,1.2,5,4.3,1,21.3
2025-04-12T12:26:00Z,1.3,6,4.4,3,21.3
2025-04-12T11:56:00Z,1.2,5,4.3,3,21.3
2025-04-12T11:26:00Z,1.2,5,4.2,345,21.3
2025-04-12T10:56:00Z,1.2,5,4.2,350,21.3
2025-04-12T10:26:00Z,1.1,4,4,336,21.2
2025-04-12T09:56:00Z,1.1,4,4,336,21.2
2025-04-12T09:26:00Z,1.1,4,3.9,335,21.2
2025-04-12T08:56:00Z,0.9,4,3.5,332,21.2
2025-04-12T08:26:00Z,0.8,3,3.4,302,21.2
2025-04-12T07:56:00Z,0.8,3,3.5,294,21.2
2025-04-12T07:26:00Z,0.7,3,3.5,277,21.2
2025-04-12T06:56:00Z,0.7,3,3.4,271,21.2
2025-04-12T06:26:00Z,0.7,8,3.4,75,21.2
2025-04-12T05:56:00Z,0.7,9,3.3,68,21.2
2025-04-12T05:26:00Z,0.7,8,3.6,77,21.2
2025-04-12T04:56:00Z,0.7,8,3.6,77,21.3
2025-04-12T04:26:00Z,0.7,8,3.8,77,21.3
2025-04-12T03:56:00Z,0.7,9,4.1,70,21.4
2025-04-12T03:26:00Z,0.7,8,4.2,70,21.4
2025-04-12T02:56:00Z,0.9,9,4.6,69,21.4
2025-04-12T02:26:00Z,1,9,4.4,69,21.5
2025-04-12T01:56:00Z,1.3,5,4.5,328,21.5
2025-04-12T01:26:00Z,1.2,5,4.2,323,21.5
2025-04-12T00:56:00Z,1.2,4,4,277,21.5
2025-04-12T00:26:00Z,1.1,9,3.8,72,21.5
2025-04-11T23:56:00Z,1.1,9,4.2,72,21.5
2025-04-11T23:26:00Z,1,9,4,66,21.6
2025-04-11T22:56:00Z,1,8,4.1,73,21.6
2025-04-11T22:26:00Z,1,9,4.4,70,21.6
2025-04-11T21:56:00Z,1,8,4.9,76,21.6
2025-04-11T21:26:00Z,0.9,8,4.5,82,21.6
2025-04-11T20:56:00Z,1,8,5.2,79,21.6
2025-04-11T20:26:00Z,1,8,5.2,77,21.6
2025-04-11T19:56:00Z,1,8,5.4,77,21.6
2025-04-11T19:26:00Z,0.9,9,5.7,75,21.6
2025-04-11T18:56:00Z,0.9,9,5.9,72,21.7
2025-04-11T18:26:00Z,1,9,6.3,73,21.6
2025-04-11T17:56:00Z,0.9,9,6.5,80,21.6
2025-04-11T17:26:00Z,0.9,9,7,77,21.6
2025-04-11T16:56:00Z,0.9,9,7,76,21.6
2025-04-11T16:26:00Z,0.9,9,7,73,21.5
2025-04-11T15:56:00Z,0.9,9,6.5,82,21.5
2025-04-11T15:26:00Z,0.9,9,6.5,80,21.5
2025-04-11T14:56:00Z,1,10,6.2,75,21.4
2025-04-11T14:26:00Z,1,9,5.7,79,21.2
2025-04-11T13:56:00Z,1.1,9,5.6,79,21.2
2025-04-11T13:26:00Z,1.1,10,5.4,77,21.2
2025-04-11T12:56:00Z,1.2,9,5.5,79,21.1
2025-04-11T12:26:00Z,1.2,9,5.2,83,21.1
2025-04-11T11:56:00Z,1.3,10,5.2,83,21.1
2025-04-11T11:26:00Z,1.2,9,5.2,83,21.1
2025-04-11T10:56:00Z,1.3,9,6,82,21.1
2025-04-11T10:26:00Z,1.3,10,6.3,76,21.1
2025-04-11T09:56:00Z,1.3,9,6.4,76,21.1
2025-04-11T09:26:00Z,1.4,10,6.3,76,21.1
2025-04-11T08:56:00Z,1.4,10,6.1,76,21.1
2025-04-11T08:26:00Z,1.3,9,5.8,73,21.1
2025-04-11T07:56:00Z,1.4,10,6.1,73,21.1
2025-04-11T07:26:00Z,1.4,9,6.2,76,21.1
2025-04-11T06:56:00Z,1.4,10,6,80,21.1
2025-04-11T06:26:00Z,1.4,9,6.2,83,21.2
2025-04-11T05:56:00Z,1.4,9,6.1,80,21.2
2025-04-11T05:26:00Z,1.4,9,6.1,79,21.2
2025-04-11T04:56:00Z,1.3,9,5.9,75,21.2
2025-04-11T04:26:00Z,1.4,10,6.4,77,21.2
2025-04-11T03:56:00Z,1.4,9,6.1,77,21.2
2025-04-11T03:26:00Z,1.4,10,6.1,77,21.3
2025-04-11T02:56:00Z,1.3,8,6.1,79,21.3
2025-04-11T02:26:00Z,1.3,11,6.1,79,21.3
2025-04-11T01:56:00Z,1.3,8,5.8,89,21.3
2025-04-11T01:26:00Z,1.4,10,6,76,21.3
2025-04-11T00:56:00Z,1.5,8,6,83,21.3
2025-04-11T00:26:00Z,1.5,9,5.9,80,21.4
2025-04-10T23:56:00Z,1.6,9,6.1,76,21.4
2025-04-10T23:26:00Z,1.6,9,6.2,76,21.4
2025-04-10T22:56:00Z,1.5,10,5.9,79,21.4
2025-04-10T22:26:00Z,1.6,10,6,86,21.5
2025-04-10T21:56:00Z,1.6,9,6.2,77,21.6
2025-04-10T21:26:00Z,1.7,11,6.3,86,21.6
2025-04-10T20:56:00Z,1.8,10,6.5,86,21.6
2025-04-10T20:26:00Z,1.8,11,6.7,91,21.5
2025-04-10T19:56:00Z,1.8,11,6.7,89,21.6
2025-04-10T19:26:00Z,1.8,10,6.8,77,21.7
2025-04-10T18:56:00Z,1.7,10,6.5,83,21.7
2025-04-10T18:26:00Z,1.8,11,6.8,97,21.6
2025-04-10T17:56:00Z,1.9,11,6.9,90,21.6
2025-04-10T17:26:00Z,1.8,11,6.9,90,21.5
2025-04-10T16:56:00Z,1.8,11,7,86,21.4
2025-04-10T16:26:00Z,1.7,10,6.7,75,21.3
2025-04-10T15:56:00Z,1.8,11,6.7,83,21.4
2025-04-10T15:26:00Z,1.9,11,6.7,73,21.4
2025-04-10T14:56:00Z,1.8,11,6.7,70,21.4
2025-04-10T14:26:00Z,1.9,11,6.7,79,21.3
2025-04-10T13:56:00Z,2,11,7.2,83,21.2
2025-04-10T13:26:00Z,1.9,11,6.8,86,21.2
2025-04-10T12:56:00Z,2.1,10,7.2,66,21.3
2025-04-10T12:26:00Z,2,10,6.8,70,21.2
2025-04-10T11:56:00Z,2,11,6.7,75,21.3
2025-04-10T11:26:00Z,2.1,11,6.7,79,21.3
2025-04-10T10:56:00Z,2.4,11,7.3,73,21.3
2025-04-10T10:26:00Z,2.4,11,6.8,70,21.3
2025-04-10T09:56:00Z,2.4,10,6.8,70,21.3
2025-04-10T09:26:00Z,2.4,10,6.7,75,21.3
2025-04-10T08:56:00Z,2.3,11,6.7,77,21.3
2025-04-10T08:26:00Z,2.3,10,6.8,73,21.3
2025-04-10T07:56:00Z,2.4,10,6.7,69,21.3
2025-04-10T07:26:00Z,2.5,10,6.9,72,21.3
2025-04-10T06:56:00Z,2.4,9,6.7,72,21.4
2025-04-10T06:26:00Z,2.3,9,6.5,63,21.4
2025-04-10T05:56:00Z,2.3,9,6.3,59,21.5
2025-04-10T05:26:00Z,2.3,11,6.2,66,21.5
2025-04-10T04:56:00Z,2.3,11,6.1,59,21.5
2025-04-10T04:26:00Z,2.3,8,5.9,58,21.6
2025-04-10T03:56:00Z,2.3,8,5.8,62,21.6
2025-04-10T03:26:00Z,2.3,6,5.7,45,21.6
2025-04-10T02:56:00Z,2.6,9,6.2,61,21.6
2025-04-10T02:26:00Z,2.4,7,5.7,44,21.6
2025-04-10T01:56:00Z,2.2,7,5.7,45,21.6
2025-04-10T01:26:00Z,2.2,7,5.5,44,21.6
2025-04-10T00:56:00Z,2.2,8,5.7,46,21.6
2025-04-10T00:26:00Z,2.1,7,5.3,41,21.6
2025-04-09T23:56:00Z,2,7,5.3,46,21.6
2025-04-09T23:26:00Z,2,7,5.1,45,21.6
2025-04-09T22:56:00Z,1.9,6,5.1,39,21.6
2025-04-09T22:26:00Z,1.9,6,4.9,48,21.6
2025-04-09T21:56:00Z,1.8,6,4.8,38,21.7
2025-04-09T21:26:00Z,1.8,6,4.7,44,21.7
2025-04-09T20:56:00Z,1.7,6,4.7,48,21.7
2025-04-09T20:26:00Z,1.6,5,4.5,37,21.7
2025-04-09T19:56:00Z,1.6,6,4.6,42,21.7
2025-04-09T19:26:00Z,1.7,6,4.8,58,21.7
2025-04-09T18:56:00Z,1.6,6,4.6,52,21.7
2025-04-09T18:26:00Z,1.5,5,4.5,39,21.7
2025-04-09T17:56:00Z,1.4,5,4.4,44,21.7
2025-04-09T17:26:00Z,1.4,6,4.3,53,21.7
2025-04-09T16:56:00Z,1.3,5,4.3,52,21.7
2025-04-09T16:26:00Z,1.3,5,4.3,46,21.7
2025-04-09T15:56:00Z,1.3,5,4.4,46,21.8
2025-04-09T15:26:00Z,1.2,5,4.2,51,21.8
2025-04-09T14:56:00Z,1.3,6,4.2,55,21.8
2025-04-09T14:26:00Z,1.2,5,4.1,49,21.8
2025-04-09T13:56:00Z,1.1,4,4,39,21.8
2025-04-09T13:26:00Z,1.1,5,4.2,48,21.8
2025-04-09T12:56:00Z,1.1,14,4.3,82,21.8
2025-04-09T12:26:00Z,1.1,5,4,48,21.8
2025-04-09T11:56:00Z,1,4,4,39,21.8
2025-04-09T11:26:00Z,1,4,4,45,21.8
2025-04-09T10:56:00Z,1,5,4,52,21.9
2025-04-09T10:26:00Z,0.9,4,4.1,53,21.9
2025-04-09T09:56:00Z,0.9,4,4.1,31,21.9
2025-04-09T09:26:00Z,0.9,4,4,24,21.9
2025-04-09T08:56:00Z,0.9,4,4,31,21.9
2025-04-09T08:26:00Z,0.8,4,3.9,23,21.9
2025-04-09T07:56:00Z,0.8,13,4.1,82,21.8
2025-04-09T07:26:00Z,0.8,12,4,70,21.8
2025-04-09T06:56:00Z,0.7,3,3.8,24,21.8
2025-04-09T06:26:00Z,0.8,4,3.9,21,21.8
2025-04-09T05:56:00Z,0.8,3,3.7,32,21.8
2025-04-09T05:26:00Z,0.8,4,3.8,23,21.8
2025-04-09T04:56:00Z,0.8,4,3.7,17,21.8
2025-04-09T04:26:00Z,0.8,4,3.8,16,21.9
2025-04-09T03:56:00Z,0.8,4,3.8,13,21.9
2025-04-09T03:26:00Z,0.8,4,3.8,16,21.9
2025-04-09T02:56:00Z,0.8,4,3.7,17,21.9
2025-04-09T02:26:00Z,0.9,4,3.7,17,21.9
2025-04-09T01:56:00Z,0.9,4,3.7,17,21.9
2025-04-09T01:26:00Z,1,4,3.8,21,21.9
2025-04-09T00:56:00Z,1,4,3.8,21,22
2025-04-09T00:26:00Z,0.9,5,3.7,20,22
2025-04-08T23:56:00Z,0.9,4,3.7,13,22
2025-04-08T23:26:00Z,0.9,4,3.7,10,22
2025-04-08T22:56:00Z,0.8,4,3.6,13,22
2025-04-08T22:26:00Z,0.8,4,3.6,7,22
2025-04-08T21:56:00Z,0.8,4,3.6,8,22.1
2025-04-08T21:26:00Z,0.8,4,3.6,7,22.1
2025-04-08T20:56:00Z,0.8,4,3.7,4,22.1
2025-04-08T20:26:00Z,0.9,4,3.7,4,22
2025-04-08T19:56:00Z,0.9,4,3.7,4,22
2025-04-08T19:26:00Z,0.8,5,3.8,6,22
2025-04-08T18:56:00Z,0.8,5,3.8,10,22
2025-04-08T18:26:00Z,0.8,4,3.8,356,22.1
2025-04-08T17:56:00Z,0.8,5,3.8,17,22
2025-04-08T17:26:00Z,0.8,5,3.9,11,22
2025-04-08T16:56:00Z,0.8,4,4,354,22
2025-04-08T16:26:00Z,0.8,5,4,23,22
2025-04-08T15:56:00Z,0.8,5,4,353,22
2025-04-08T15:26:00Z,0.9,5,4.1,1,21.9
2025-04-08T14:56:00Z,1,5,4,16,21.9
2025-04-08T14:26:00Z,0.9,4,3.8,354,21.9
2025-04-08T13:56:00Z,0.9,5,3.8,357,21.9
2025-04-08T13:26:00Z,0.9,4,3.9,345,21.9
2025-04-08T12:56:00Z,1,4,3.9,345,21.9
2025-04-08T12:26:00Z,1.1,4,3.9,336,21.9
2025-04-08T11:56:00Z,1,4,3.9,343,21.9
2025-04-08T11:26:00Z,1,4,4,333,21.9
2025-04-08T10:56:00Z,1.1,4,4.1,339,21.9
2025-04-08T10:26:00Z,1.2,4,4.2,333,21.9
2025-04-08T09:56:00Z,1.2,4,4.2,335,21.9
2025-04-08T09:26:00Z,1.1,4,4.1,336,21.9
2025-04-08T08:56:00Z,1,6,4.1,122,21.9
2025-04-08T08:26:00Z,0.9,6,4.2,129,21.9
2025-04-08T07:56:00Z,0.9,5,4.2,124,22
2025-04-08T07:26:00Z,0.9,6,4.2,120,21.9
2025-04-08T06:56:00Z,0.9,6,4.4,118,22
2025-04-08T06:26:00Z,0.9,5,4.3,125,22
2025-04-08T05:56:00Z,0.9,6,4.2,118,22.1
2025-04-08T05:26:00Z,1,5,4.3,120,22.1
2025-04-08T04:56:00Z,1,6,4.3,127,22.1
2025-04-08T04:26:00Z,1.1,5,4.2,122,22.1
2025-04-08T03:56:00Z,1,5,4.1,125,22.1
2025-04-08T03:26:00Z,1.1,5,4,125,22.1
2025-04-08T02:56:00Z,1.1,6,3.9,120,22.1
2025-04-08T02:26:00Z,1.1,5,4,125,22.1
2025-04-08T01:56:00Z,1,5,4,122,22.1
2025-04-08T01:26:00Z,1,5,4.2,124,22
2025-04-08T00:56:00Z,0.9,6,4.3,117,22
2025-04-08T00:26:00Z,1,5,4,127,22
2025-04-07T23:56:00Z,1.1,5,4.4,124,22
2025-04-07T23:26:00Z,1.1,5,4.1,127,22
2025-04-07T22:56:00Z,1.2,5,4.1,129,22
2025-04-07T22:26:00Z,1.2,5,4.2,125,22
2025-04-07T21:56:00Z,1.2,5,4.1,131,22
2025-04-07T21:26:00Z,1.2,6,4,117,22.1
2025-04-07T20:56:00Z,1.2,5,3.9,136,22.1
2025-04-07T20:26:00Z,1.1,5,3.9,129,22.1
2025-04-07T19:56:00Z,1.1,5,3.8,122,22.2
2025-04-07T19:26:00Z,1.1,5,3.9,127,22.2
2025-04-07T18:56:00Z,1,5,3.9,125,22.2
2025-04-07T18:26:00Z,1.1,5,4.1,132,22.1
2025-04-07T17:56:00Z,1,5,4.1,132,22.1
2025-04-07T17:26:00Z,1,6,4.2,124,22.1
2025-04-07T16:56:00Z,1,5,4.1,135,22
2025-04-07T16:26:00Z,1.1,5,4.2,134,21.9
2025-04-07T15:56:00Z,1,5,4.2,132,21.9
2025-04-07T15:26:00Z,1,5,4.1,131,21.8
2025-04-07T14:56:00Z,1.1,6,4.3,122,21.8
2025-04-07T14:26:00Z,1,5,4,128,21.7
2025-04-07T13:56:00Z,1,6,4.2,125,21.6
2025-04-07T13:26:00Z,1.1,6,4.2,125,21.6
2025-04-07T12:56:00Z,1,6,4.2,125,21.6
2025-04-07T12:26:00Z,1,6,4.2,128,21.6
2025-04-07T11:56:00Z,1,5,4.2,134,21.6
2025-04-07T11:26:00Z,0.9,6,4.4,124,21.5
2025-04-07T10:56:00Z,1,6,4.6,131,21.5
2025-04-07T10:26:00Z,1,5,4.5,135,21.5
2025-04-07T09:56:00Z,0.9,6,4.7,128,21.5
2025-04-07T09:26:00Z,1,5,4.7,132,21.5
2025-04-07T08:56:00Z,1,6,4.7,128,21.4
2025-04-07T08:26:00Z,1.1,5,4.7,135,21.4
2025-04-07T07:56:00Z,1,5,4.7,134,21.3
2025-04-07T07:26:00Z,1,5,4.7,129,21.4
2025-04-07T06:56:00Z,1,5,4.6,138,21.4
2025-04-07T06:26:00Z,1,5,4.5,134,21.6
2025-04-07T05:56:00Z,1.1,5,4.6,132,21.5
2025-04-07T05:26:00Z,1.2,5,4.5,139,21.5
2025-04-07T04:56:00Z,1.1,5,4.3,139,21.5
2025-04-07T04:26:00Z,1.2,5,4.3,141,21.5
2025-04-07T03:56:00Z,1.3,5,4.5,148,21.5
2025-04-07T03:26:00Z,1.3,5,4.3,141,21.5
2025-04-07T02:56:00Z,1.5,6,4.5,141,21.5
2025-04-07T02:26:00Z,1.4,5,4.4,143,21.4
2025-04-07T01:56:00Z,1.3,5,4.3,145,21.4
2025-04-07T01:26:00Z,1.3,5,4.3,151,21.5
2025-04-07T00:56:00Z,1.4,5,4.4,145,21.5
2025-04-07T00:26:00Z,1.4,5,4.4,141,21.5
2025-04-06T23:56:00Z,1.3,5,4.4,145,21.5
2025-04-06T23:26:00Z,1.2,5,4.3,146,21.5
2025-04-06T22:56:00Z,1.2,5,4.2,138,21.6
2025-04-06T22:26:00Z,1.2,5,4.2,134,21.6
2025-04-06T21:56:00Z,1.2,5,4.3,135,21.7
2025-04-06T21:26:00Z,1.1,5,4.2,134,21.7
2025-04-06T20:56:00Z,1.1,4,4.1,127,21.7
2025-04-06T20:26:00Z,1.1,5,4.1,115,21.7
2025-04-06T19:56:00Z,1.1,4,4.1,135,21.8
2025-04-06T19:26:00Z,1.1,5,4.1,115,21.9
2025-04-06T18:56:00Z,1,4,4.1,127,21.8
2025-04-06T18:26:00Z,1,5,4.3,111,21.8
2025-04-06T17:56:00Z,1,5,4.2,111,21.9
2025-04-06T17:26:00Z,1,5,4.3,113,21.9
2025-04-06T16:56:00Z,0.9,5,4.3,118,21.9
2025-04-06T16:26:00Z,0.9,6,4.5,115,21.9
2025-04-06T15:56:00Z,0.9,11,4.8,87,21.8
2025-04-06T15:26:00Z,0.9,5,4.8,120,21.7
2025-04-06T14:56:00Z,0.9,5,5.1,122,21.7
2025-04-06T14:26:00Z,0.9,9,5.2,90,21.6
2025-04-06T13:56:00Z,0.9,9,5.2,86,21.4
2025-04-06T13:26:00Z,1,6,5.3,118,21.4
2025-04-06T12:56:00Z,0.9,5,5.2,121,21.4
2025-04-06T12:26:00Z,0.9,5,5.2,132,21.3
2025-04-06T11:56:00Z,0.9,5,5,128,21.3
2025-04-06T11:26:00Z,1,5,5,125,21.3
2025-04-06T10:56:00Z,0.9,5,5,129,21.2
2025-04-06T10:26:00Z,1,5,5,132,21.1
2025-04-06T09:56:00Z,1,6,5,115,21.1
2025-04-06T09:26:00Z,1.1,5,5,125,21.1
2025-04-06T08:56:00Z,1.1,5,4.9,129,21.1
2025-04-06T08:26:00Z,1.1,5,4.6,122,21
2025-04-06T07:56:00Z,1.1,5,4.7,129,21
2025-04-06T07:26:00Z,1.2,5,4.5,132,21.2
2025-04-06T06:56:00Z,1.2,5,4.5,131,21.3
2025-04-06T06:26:00Z,1.2,5,4.4,138,21.3
2025-04-06T05:56:00Z,1.3,5,4.3,142,21.2
2025-04-06T05:26:00Z,1.3,5,4.4,136,21.1
2025-04-06T04:56:00Z,1.3,5,4.2,134,21.1
2025-04-06T04:26:00Z,1.2,5,4.2,139,21.1
2025-04-06T03:56:00Z,1.3,5,4.2,142,21.2
2025-04-06T03:26:00Z,1.3,5,4.2,139,21.2
2025-04-06T02:56:00Z,1.3,5,4.3,134,21.3
2025-04-06T02:26:00Z,1.3,5,4.4,145,21.4
2025-04-06T01:56:00Z,1.3,5,4.3,139,21.5
2025-04-06T01:26:00Z,1.3,5,4.3,141,21.7
2025-04-06T00:56:00Z,1.4,5,4.4,143,21.8
2025-04-06T00:26:00Z,1.4,5,4.5,139,21.8
2025-04-05T23:56:00Z,1.4,5,4.5,132,21.8
2025-04-05T22:56:00Z,1.2,4,4.3,139,22
2025-04-05T22:26:00Z,1.2,5,4.3,120,22.1
2025-04-05T21:56:00Z,1.1,4,4.2,128,22.2
2025-04-05T21:26:00Z,1,4,4.2,120,22.2
2025-04-05T20:56:00Z,1.1,9,4.4,93,22.3
2025-04-05T20:26:00Z,1,9,4.3,98,22.3
2025-04-05T19:56:00Z,1,9,4.5,86,22.4
2025-04-05T19:26:00Z,1,8,4.6,100,22.4
2025-04-05T18:56:00Z,0.9,9,4.6,101,22.5
2025-04-05T18:26:00Z,0.9,9,4.9,93,22.6
2025-04-05T17:56:00Z,1,5,5.2,113,22.6
2025-04-05T17:26:00Z,1,5,5.3,115,22.6
2025-04-05T16:56:00Z,0.9,5,5.1,114,22.5
2025-04-05T16:26:00Z,1,8,5.2,96,22.5
2025-04-05T15:56:00Z,1,9,5.4,97,22.6
2025-04-05T15:26:00Z,0.9,6,5.2,107,22.5
2025-04-05T14:56:00Z,0.9,9,5.3,91,22.4
2025-04-05T14:26:00Z,1,5,5.4,110,22.2
2025-04-05T13:56:00Z,0.9,6,5.4,113,21.9
2025-04-05T13:26:00Z,0.9,6,5.3,104,21.6
2025-04-05T12:56:00Z,1,9,5.7,97,21.5
2025-04-05T12:26:00Z,0.9,7,5.4,96,21.5
2025-04-05T11:56:00Z,0.8,9,5.4,97,21.5
2025-04-05T11:26:00Z,0.9,8,5.4,96,21.6
2025-04-05T10:56:00Z,0.9,8,5.6,96,21.6
2025-04-05T10:26:00Z,0.9,9,5.3,91,21.7
2025-04-05T09:56:00Z,0.9,8,5.3,93,21.6
2025-04-05T09:26:00Z,0.9,8,5.3,94,21.5
2025-04-05T08:56:00Z,0.8,9,5.1,94,21.5
2025-04-05T08:26:00Z,0.9,9,5.1,97,21.5
2025-04-05T07:56:00Z,0.9,9,5.3,89,21.6
2025-04-05T07:26:00Z,0.9,9,5.2,91,21.6
2025-04-05T06:56:00Z,0.9,10,4.8,98,21.6
2025-04-05T06:26:00Z,0.9,9,4.9,89,21.6
2025-04-05T05:56:00Z,0.9,8,4.7,93,21.5
2025-04-05T05:26:00Z,0.9,8,4.7,96,21.4
2025-04-05T04:56:00Z,1,8,4.8,100,21.5
2025-04-05T04:26:00Z,1,6,4.7,106,21.8
2025-04-05T03:56:00Z,1,8,4.6,98,21.9
2025-04-05T03:26:00Z,1,8,4.4,93,21.9
2025-04-05T02:56:00Z,1.1,8,4.3,97,21.9
2025-04-05T02:26:00Z,1,8,4.6,91,22
2025-04-05T01:56:00Z,1,8,4.8,98,22
2025-04-05T01:26:00Z,1,9,4.7,103,22
2025-04-05T00:56:00Z,1.1,6,4.8,108,22.1
2025-04-05T00:26:00Z,1,6,4.9,114,22.2
2025-04-04T23:56:00Z,1,6,4.8,103,22.2
2025-04-04T23:26:00Z,1,9,5.3,90,22.3
2025-04-04T22:56:00Z,1,6,5.3,107,22.3
2025-04-04T22:26:00Z,1,6,5.2,104,22.3
2025-04-04T21:56:00Z,1,7,5.2,106,22.3
2025-04-04T21:26:00Z,1,7,4.9,103,22.3
2025-04-04T20:56:00Z,1,6,5.1,113,22.3
2025-04-04T20:26:00Z,1,6,5.2,108,22.4
2025-04-04T19:56:00Z,1.1,6,5.3,110,22.4
2025-04-04T19:26:00Z,1.1,7,5.3,103,22.6
2025-04-04T18:56:00Z,1.1,6,5.4,108,22.7
2025-04-04T18:26:00Z,1.2,7,5.4,107,22.7
2025-04-04T17:56:00Z,1.1,6,5.3,117,22.7
2025-04-04T17:26:00Z,1,6,5.2,111,22.6
2025-04-04T16:56:00Z,1.1,6,5.2,114,22.3
2025-04-04T16:26:00Z,1.2,7,5.2,104,22
2025-04-04T15:56:00Z,1.2,6,5.4,110,21.8
2025-04-04T15:26:00Z,1.1,6,5.3,108,21.6
2025-04-04T14:56:00Z,1.1,6,5.2,103,21.5
2025-04-04T14:26:00Z,1.1,6,5.4,108,21.3
2025-04-04T13:56:00Z,1.1,6,5.3,117,21.2
2025-04-04T13:26:00Z,1.1,6,5.4,110,21.1
2025-04-04T12:56:00Z,1.1,6,5.5,107,21.1
2025-04-04T12:26:00Z,1.2,6,5.5,108,21.1
2025-04-04T11:56:00Z,1.1,6,5.4,108,21.1
2025-04-04T11:26:00Z,1.1,6,5.5,101,21.1
2025-04-04T10:56:00Z,1,6,5.3,108,21.2
2025-04-04T10:26:00Z,1.1,7,5.5,101,21.3
2025-04-04T09:56:00Z,1.2,6,5.3,110,21.3
2025-04-04T09:26:00Z,1.1,7,5.2,98,21.3
2025-04-04T08:56:00Z,1.1,6,5.2,103,21.3
2025-04-04T08:26:00Z,1.1,5,5.2,114,21.3
2025-04-04T07:56:00Z,1.1,6,5.1,107,21.3
2025-04-04T07:26:00Z,1.1,5,5,104,21.4
2025-04-04T06:56:00Z,1.1,6,4.9,111,21.4
2025-04-04T06:26:00Z,1.2,6,4.9,101,21.4
2025-04-04T05:56:00Z,1.2,6,4.9,103,21.5
2025-04-04T05:26:00Z,1.2,5,4.8,110,21.4
2025-04-04T04:56:00Z,1.2,6,5,113,21.4
2025-04-04T04:26:00Z,1.2,6,5,100,21.4
2025-04-04T03:56:00Z,1.2,6,4.9,108,21.4
2025-04-04T03:26:00Z,1.2,6,4.9,108,21.3
2025-04-04T02:56:00Z,1.2,6,4.7,106,21.4
2025-04-04T02:26:00Z,1.3,6,4.7,108,21.5
2025-04-04T01:56:00Z,1.3,6,4.8,103,21.5
2025-04-04T01:26:00Z,1.3,6,4.8,107,21.5
2025-04-04T00:56:00Z,1.3,6,4.8,110,21.5
2025-04-04T00:26:00Z,1.3,6,4.8,120,21.6
2025-04-03T23:56:00Z,1.3,6,4.9,110,21.6
2025-04-03T23:26:00Z,1.2,6,4.7,111,21.6
2025-04-03T22:56:00Z,1.2,6,5.1,106,21.7
2025-04-03T22:26:00Z,1.3,6,4.9,108,21.7
2025-04-03T21:56:00Z,1.2,6,5,110,21.7
2025-04-03T21:26:00Z,1.2,6,4.9,114,21.7
2025-04-03T20:56:00Z,1.2,6,5.1,117,21.7
2025-04-03T20:26:00Z,1.2,6,5,110,21.7
2025-04-03T19:56:00Z,1.2,6,4.8,117,21.6
2025-04-03T19:26:00Z,1.1,6,4.9,113,21.7
2025-04-03T18:56:00Z,1.1,6,5.2,115,21.8
2025-04-03T18:26:00Z,1.1,6,5.1,111,21.8
2025-04-03T17:56:00Z,1.3,6,5.4,107,21.9
2025-04-03T17:26:00Z,1.1,6,5.2,108,21.9
2025-04-03T16:56:00Z,1.2,6,5.1,111,21.9
2025-04-03T16:26:00Z,1.2,6,5.1,110,21.9
2025-04-03T15:56:00Z,1.2,6,5.2,108,21.7
2025-04-03T15:26:00Z,1.2,6,5.2,113,21.6
2025-04-03T14:56:00Z,1.2,5,5.2,110,21.3
2025-04-03T14:26:00Z,1.2,5,5.1,113,21.2
2025-04-03T13:56:00Z,1.2,5,5.1,117,21
2025-04-03T13:26:00Z,1.1,9,5.2,89,20.9
2025-04-03T12:56:00Z,1.2,9,5.2,91,20.8
2025-04-03T12:26:00Z,1.1,6,5.1,103,20.8
2025-04-03T11:56:00Z,1.1,6,5.1,107,20.8
2025-04-03T11:26:00Z,1.1,6,5,104,20.8
2025-04-03T10:56:00Z,1.1,5,5.3,113,20.9
2025-04-03T10:26:00Z,1.1,10,5.2,96,20.9
2025-04-03T09:56:00Z,1,5,5.2,108,20.9
2025-04-03T09:26:00Z,1,11,5.2,91,21
2025-04-03T08:56:00Z,1,11,5.1,97,21.1
2025-04-03T08:26:00Z,1,10,5,90,21.1
2025-04-03T07:56:00Z,1,10,5,90,21.1
2025-04-03T07:26:00Z,1,9,4.8,84,21.2
2025-04-03T06:56:00Z,0.9,10,4.8,86,21.2
2025-04-03T06:26:00Z,1,5,4.4,113,21.3
2025-04-03T05:56:00Z,1,10,4.6,89,21.3
2025-04-03T05:26:00Z,1,10,4.5,89,21.3
2025-04-03T04:56:00Z,0.9,11,4.3,90,21.4
2025-04-03T04:26:00Z,1,10,4.3,84,21.4
2025-04-03T03:56:00Z,0.9,10,4.5,89,21.5
2025-04-03T03:26:00Z,0.9,10,4.5,86,21.6
2025-04-03T02:56:00Z,0.9,10,4.6,82,21.7
2025-04-03T02:26:00Z,0.9,8,4.4,83,21.7
2025-04-03T01:56:00Z,0.9,9,4.6,97,21.7
2025-04-03T01:26:00Z,0.9,9,4.7,87,21.7
2025-04-03T00:56:00Z,0.9,10,4.9,89,21.7
2025-04-03T00:26:00Z,0.8,10,5,96,21.8
2025-04-02T23:56:00Z,0.8,9,5.2,94,21.8
2025-04-02T23:26:00Z,0.8,10,5.6,86,21.9
2025-04-02T22:56:00Z,0.8,10,5.4,93,21.9
2025-04-02T22:26:00Z,0.7,10,5.5,87,21.9
2025-04-02T21:56:00Z,0.8,10,5.4,96,21.9
2025-04-02T21:26:00Z,0.8,10,5.4,93,22
2025-04-02T20:56:00Z,0.7,9,5.1,89,22
2025-04-02T20:26:00Z,0.7,10,5.2,91,22
2025-04-02T19:56:00Z,0.7,10,5.6,97,22
2025-04-02T19:26:00Z,0.7,9,5.2,90,21.8
2025-04-02T18:56:00Z,0.7,11,5.4,89,21.7
2025-04-02T18:26:00Z,0.8,10,5.9,89,21.7
2025-04-02T17:56:00Z,0.8,10,5.9,97,21.6
2025-04-02T17:26:00Z,0.7,11,5.4,83,21.5
2025-04-02T16:56:00Z,0.8,11,5.6,79,21.5
2025-04-02T16:26:00Z,0.8,10,5.8,86,21.4
2025-04-02T15:56:00Z,0.8,10,5.4,93,21.3
2025-04-02T15:26:00Z,0.8,10,5.5,91,21.3
2025-04-02T14:56:00Z,0.8,9,5.5,93,21.2
2025-04-02T14:26:00Z,0.9,10,6,97,21.2
2025-04-02T13:56:00Z,0.8,9,5.8,93,21.1
2025-04-02T13:26:00Z,0.8,8,5.8,91,21
2025-04-02T12:56:00Z,0.8,10,6,100,20.9
2025-04-02T12:26:00Z,0.8,9,6.3,91,20.8
2025-04-02T11:56:00Z,0.8,9,6.2,80,20.8
2025-04-02T11:26:00Z,0.8,10,6.7,96,20.9
2025-04-02T10:56:00Z,0.8,8,6.5,90,20.9
2025-04-02T10:26:00Z,0.7,9,6.6,87,21
2025-04-02T09:56:00Z,0.8,11,6.9,96,20.9
2025-04-02T09:26:00Z,0.8,10,7,83,20.7
2025-04-02T08:56:00Z,0.7,11,6.9,89,20.7
2025-04-02T08:26:00Z,0.7,9,6.7,86,20.7
2025-04-02T07:56:00Z,0.8,9,7.1,93,20.8
2025-04-02T07:26:00Z,0.7,8,6.8,96,20.8
2025-04-02T06:56:00Z,0.7,11,7,83,20.9
2025-04-02T06:26:00Z,0.8,8,7,91,20.9
2025-04-02T05:56:00Z,0.7,11,6.8,90,20.9
2025-04-02T05:26:00Z,0.7,11,6.4,91,20.9
2025-04-02T04:56:00Z,0.7,10,6.7,96,20.9
2025-04-02T04:26:00Z,0.8,11,6.6,96,21
2025-04-02T03:56:00Z,0.8,10,6.3,91,21
2025-04-02T03:26:00Z,0.8,9,6.5,94,21
2025-04-02T02:56:00Z,0.7,10,5.7,98,21
2025-04-02T02:26:00Z,0.7,9,5.8,94,21.1
2025-04-02T01:56:00Z,0.7,10,5.5,84,21.2
2025-04-02T01:26:00Z,0.8,10,5.7,90,21.3
2025-04-02T00:56:00Z,0.8,10,6.3,89,21.3
2025-04-02T00:26:00Z,0.8,10,5.6,100,21.2
2025-04-01T23:56:00Z,0.8,10,5.7,90,21.1
2025-04-01T22:56:00Z,0.7,10,5.9,93,21.3
2025-04-01T22:26:00Z,0.7,10,6.4,100,21.4
2025-04-01T21:56:00Z,0.6,11,6.5,107,21.4
2025-04-01T21:26:00Z,0.7,11,6.8,96,21.5
2025-04-01T20:56:00Z,0.7,11,6.8,94,21.4
2025-04-01T20:26:00Z,0.6,10,7,98,21.4
2025-04-01T19:56:00Z,0.6,9,6.6,94,21.4
2025-04-01T19:26:00Z,0.7,10,7.2,90,21.4
2025-04-01T18:56:00Z,0.6,11,7.2,97,21.4
2025-04-01T18:26:00Z,0.6,11,7.1,91,21.5
2025-04-01T17:56:00Z,0.6,10,6.5,96,21.4
2025-04-01T17:26:00Z,0.6,9,6.7,96,21.4
2025-04-01T16:56:00Z,0.6,11,6.8,94,21.3
2025-04-01T16:26:00Z,0.7,11,6.8,91,21
2025-04-01T15:56:00Z,0.6,11,6.5,86,21
2025-04-01T15:26:00Z,0.7,11,6.6,89,20.6
2025-04-01T14:56:00Z,0.7,11,6.6,83,20.6
2025-04-01T14:26:00Z,0.7,10,6.1,86,20.6
2025-04-01T13:56:00Z,0.8,10,6.2,100,20.6
2025-04-01T13:26:00Z,0.8,10,6,83,20.6
2025-04-01T12:56:00Z,0.8,9,5.8,90,20.6
2025-04-01T12:26:00Z,0.8,10,5.9,97,20.6
2025-04-01T11:56:00Z,0.8,9,5.7,97,20.5
2025-04-01T11:26:00Z,0.8,10,6.1,94,20.4
2025-04-01T10:56:00Z,0.8,10,6,97,20.4
2025-04-01T10:26:00Z,0.8,11,5.8,87,20.4
2025-04-01T09:56:00Z,0.8,10,5.5,93,20.4
2025-04-01T09:26:00Z,0.7,11,5.5,93,20.3
2025-04-01T08:56:00Z,0.8,10,6.2,93,20.3
2025-04-01T08:26:00Z,0.8,9,6.2,90,20.2
2025-04-01T07:56:00Z,0.8,11,6.1,96,20.2
2025-04-01T07:26:00Z,0.8,9,6.5,87,20.1
2025-04-01T06:56:00Z,0.8,11,6.4,97,20.3
2025-04-01T06:26:00Z,0.8,10,6.2,93,20.4
2025-04-01T05:56:00Z,0.8,10,6.2,89,20.5
2025-04-01T05:26:00Z,0.8,11,6.2,91,20.6
2025-04-01T04:56:00Z,0.8,10,6.1,96,20.6
2025-04-01T04:26:00Z,0.9,10,6.6,94,20.6
2025-04-01T03:56:00Z,0.9,10,6.4,96,20.6
2025-04-01T03:26:00Z,0.9,10,6,94,20.6
2025-04-01T02:56:00Z,0.9,10,6.2,96,20.6
2025-04-01T02:26:00Z,0.9,9,5.7,93,20.6
2025-04-01T01:56:00Z,0.9,8,5.6,96,20.5
2025-04-01T01:26:00Z,0.9,10,5.7,96,20.6
2025-04-01T00:56:00Z,1,10,5.8,94,20.6
2025-04-01T00:26:00Z,1,9,6.1,97,20.7
2025-03-31T23:56:00Z,1,9,6,98,20.7
2025-03-31T22:56:00Z,1,10,5.9,98,20.7
2025-03-31T22:26:00Z,1,9,6,93,20.7
2025-03-31T21:56:00Z,1,9,6.1,98,20.8
2025-03-31T21:26:00Z,1,9,6,96,20.8
2025-03-31T20:56:00Z,1,11,5.9,97,20.8
2025-03-31T20:26:00Z,1,11,6.1,94,20.7
2025-03-31T19:56:00Z,0.9,10,6,91,20.8
2025-03-31T19:26:00Z,1,9,6.5,91,21.1
2025-03-31T18:56:00Z,0.9,9,6.3,96,21
2025-03-31T18:26:00Z,0.9,10,6.3,90,21.1
2025-03-31T17:56:00Z,1,11,6.6,96,21.1
2025-03-31T17:26:00Z,1,10,6.2,94,21.1
2025-03-31T16:56:00Z,1,9,6.2,93,21.1
2025-03-31T16:26:00Z,1,10,6.2,91,20.7
2025-03-31T15:56:00Z,1.1,9,5.9,98,20.3
2025-03-31T15:26:00Z,1.2,7,5.8,100,20
2025-03-31T14:56:00Z,1.2,10,6,91,19.7
2025-03-31T14:26:00Z,1.2,10,5.8,96,19.5
2025-03-31T13:56:00Z,1.3,11,5.8,96,19.5
2025-03-31T13:26:00Z,1.3,9,5.6,90,19.4
2025-03-31T12:56:00Z,1.4,9,5.7,91,19.3
2025-03-31T12:26:00Z,1.3,10,5.6,94,19.3
2025-03-31T11:56:00Z,1.5,10,5.7,96,19.3
2025-03-31T11:26:00Z,1.5,9,5.7,98,19.3
2025-03-31T10:56:00Z,1.4,10,5.8,98,19.3
2025-03-31T10:26:00Z,1.4,7,5.6,106,19.3
2025-03-31T09:56:00Z,1.5,9,5.7,98,19.3
2025-03-31T09:26:00Z,1.4,10,5.8,90,19.3
2025-03-31T08:56:00Z,1.4,6,5.8,103,19.3
2025-03-31T08:26:00Z,1.4,7,5.6,98,19.3
2025-03-31T07:56:00Z,1.4,7,5.7,104,19.4
2025-03-31T07:26:00Z,1.4,7,5.8,96,19.4
2025-03-31T06:56:00Z,1.4,6,5.6,106,19.4
2025-03-31T06:26:00Z,1.4,6,5.8,104,19.3
2025-03-31T05:56:00Z,1.3,10,5.6,101,19.3
2025-03-31T05:26:00Z,1.3,6,5.3,103,19.4
2025-03-31T04:56:00Z,1.4,9,5.3,103,19.5
2025-03-31T04:26:00Z,1.3,10,5.1,104,19.5
2025-03-31T03:56:00Z,1.3,10,5.1,106,19.4
2025-03-31T03:26:00Z,1.2,10,5.1,98,19.4
2025-03-31T02:56:00Z,1.1,9,5.3,98,19.4
2025-03-31T02:26:00Z,1.2,9,5.6,100,19.5
2025-03-31T01:56:00Z,1.2,9,5.5,100,19.6
2025-03-31T01:26:00Z,1.2,8,5.4,97,19.6
2025-03-31T00:56:00Z,1.2,9,5.2,104,19.6
2025-03-31T00:26:00Z,1.3,8,5.4,101,19.6
2025-03-30T23:56:00Z,1.3,6,5.1,98,19.6
2025-03-30T22:56:00Z,1.3,5,5.1,114,19.5
2025-03-30T22:26:00Z,1.4,6,5.3,107,19.5
2025-03-30T21:56:00Z,1.4,6,5.4,98,19.4
2025-03-30T21:26:00Z,1.4,6,5.4,113,19.4
2025-03-30T20:56:00Z,1.3,6,5.3,104,19.4
2025-03-30T20:26:00Z,1.4,8,5.7,96,19.4
2025-03-30T19:56:00Z,1.3,9,5.7,94,19.4
2025-03-30T19:26:00Z,1.3,8,5.6,97,19.4
2025-03-30T18:56:00Z,1.3,7,5.7,97,19.4
2025-03-30T18:26:00Z,1.3,9,5.8,96,19.4
2025-03-30T17:56:00Z,1.2,9,5.7,96,19.4
2025-03-30T17:26:00Z,1.3,9,5.9,90,19.4
2025-03-30T16:56:00Z,1.2,10,5.7,84,19.4
2025-03-30T16:26:00Z,1.3,9,5.8,90,19.2
2025-03-30T15:56:00Z,1.3,10,5.7,91,19.4
2025-03-30T15:26:00Z,1.3,8,5.7,94,19.4
2025-03-30T14:56:00Z,1.3,6,5.6,106,19.4
2025-03-30T14:26:00Z,1.4,6,5.5,110,19.4
2025-03-30T13:56:00Z,1.4,9,5.5,98,19.4
2025-03-30T13:26:00Z,1.3,6,5.3,101,19.4
2025-03-30T12:56:00Z,1.3,6,5.2,103,19.3
2025-03-30T12:26:00Z,1.3,6,5.3,104,19.2
2025-03-30T11:56:00Z,1.3,6,5.2,111,19.2
2025-03-30T11:26:00Z,1.3,8,5.3,98,19.2
2025-03-30T10:56:00Z,1.3,6,5.2,104,19.2
2025-03-30T10:26:00Z,1.3,6,5.2,110,19.2
2025-03-30T09:56:00Z,1.4,8,5.3,96,19.1
2025-03-30T09:26:00Z,1.3,7,5.2,100,19.1
2025-03-30T08:56:00Z,1.3,6,5.3,108,19.1
2025-03-30T08:26:00Z,1.3,9,5.6,98,19.1
2025-03-30T07:56:00Z,1.2,5,5.2,114,19.1
2025-03-30T07:26:00Z,1.2,6,5.4,110,19.1
2025-03-30T06:56:00Z,1.2,8,5.5,103,19.1
2025-03-30T06:26:00Z,1.1,9,5.5,98,19.1
2025-03-30T05:56:00Z,1.1,8,5.4,103,19.2
2025-03-30T05:26:00Z,1.2,6,5.5,106,19.3
2025-03-30T04:56:00Z,1.1,9,5.5,101,19.5
2025-03-30T04:26:00Z,1.2,6,5.3,110,19.6
2025-03-30T03:56:00Z,1.2,9,5.3,100,19.6
2025-03-30T03:26:00Z,1.2,6,5.3,114,19.7
2025-03-30T02:56:00Z,1.3,6,5.2,118,19.7
2025-03-30T02:26:00Z,1.3,9,5.3,107,19.7
2025-03-30T01:56:00Z,1.2,6,5.1,108,19.7
2025-03-30T01:26:00Z,1.2,6,4.9,113,19.7
2025-03-30T00:56:00Z,1.2,6,4.9,113,19.7
2025-03-30T00:26:00Z,1.3,6,4.9,106,19.7
