event_idx,signal_date,entry_date,exit_date,block_price,market_price,entry_open,exit_close,entry_px_net,exit_px_net,return_pct,hold_days,fill_horizon,is_stop,deviation,dollar_value,exchange,gap_pct
45,2025-06-02,2025-06-03,2025-06-09,592.71,581.19,585.6,592.74,585.65856,592.680726,1.1990204668058002,6,1w,False,0.0172135649069816,518277478.2000001,P,1.982140091880449
46,2025-06-02,2025-06-03,2025-06-09,592.71,581.19,585.6,592.74,585.65856,592.680726,1.1990204668058002,6,1w,False,0.0172135649069816,518277478.2000001,P,1.982140091880449
47,2025-06-03,2025-06-04,2025-06-17,596.09,584.46,590.16,590.75,590.219016,590.690925,0.0799548959296903,13,2w,False,0.0172878694791453,494372010.22,P,1.9898709920268272
48,2025-06-03,2025-06-04,2025-06-17,596.09,584.46,590.16,590.75,590.219016,590.690925,0.0799548959296903,13,2w,False,0.0172878694791453,494372010.22,P,1.9898709920268272
53,2025-06-04,2025-06-05,2025-07-07,597.55,587.79,590.83,615.53,590.889083,615.468447,4.15972552330941,32,1mo,False,0.0139824540564389,385419750.0,M,1.6604569659232022
55,2025-06-04,2025-06-05,2025-06-11,595.93,587.79,590.83,594.56,590.889083,594.500544,0.6111910177226898,6,1w,False,0.0112334764385467,706395160.38,P,1.3848483301859484
54,2025-06-04,2025-06-05,2025-06-11,595.93,587.79,590.83,594.56,590.889083,594.500544,0.6111910177226898,6,1w,False,0.0112334764385467,706395160.38,P,1.3848483301859484
56,2025-06-05,2025-06-06,2025-06-10,593.05,587.63,591.84,596.2,591.899184,596.14038,0.7165402681143185,4,3d,False,0.0066197063566154,690392633.9499999,P,0.9223490972210335
57,2025-06-05,2025-06-06,2025-06-10,593.05,587.63,591.84,596.2,591.899184,596.14038,0.7165402681143185,4,3d,False,0.0066197063566154,690392633.9499999,P,0.9223490972210335
59,2025-06-06,2025-06-09,2025-07-09,597.645,584.79,592.91,618.75,592.969291,618.688125,4.337296111342814,30,1mo,False,0.0193501620330889,717174000.0,D,2.198225003847538
58,2025-06-06,2025-06-09,2025-07-09,597.645,584.79,592.91,618.75,592.969291,618.688125,4.337296111342814,30,1mo,False,0.0193501620330889,717174000.0,D,2.198225003847538
60,2025-06-06,2025-06-09,2025-07-09,599.14,584.79,592.91,618.75,592.969291,618.688125,4.337296111342814,30,1mo,False,0.0219000511683439,764306122.0799999,P,2.4538723302382093
61,2025-06-06,2025-06-09,2025-07-09,599.14,584.79,592.91,618.75,592.969291,618.688125,4.337296111342814,30,1mo,False,0.0219000511683439,764306122.0799999,P,2.4538723302382093
63,2025-06-09,2025-06-10,2025-06-24,599.68,590.8,593.39,601.64,593.449339,601.579836,1.3700406194234516,14,2w,False,0.0124257158292813,404679056.0,P,1.5030467163168577
64,2025-06-09,2025-06-10,2025-06-24,599.68,590.8,593.39,601.64,593.449339,601.579836,1.3700406194234516,14,2w,False,0.0124257158292813,404679056.0,P,1.5030467163168577
62,2025-06-09,2025-06-10,2025-06-24,600.68,590.8,593.39,601.64,593.449339,601.579836,1.3700406194234516,14,2w,False,0.0141139924365206,300340000.0,M,1.6723087339201077
65,2025-06-10,2025-06-11,2025-07-11,603.08,591.33,597.31,618.34,597.3697309999999,618.278166,3.500082765325141,30,1mo,False,0.0172556295858986,745938193.48,P,1.9870461502037777
66,2025-06-10,2025-06-11,2025-07-11,602.9944,591.33,597.31,618.34,597.3697309999999,618.278166,3.500082765325141,30,1mo,False,0.0171112423041241,791128652.8000001,D,1.9725703076116552
67,2025-06-10,2025-06-11,2025-07-11,602.9869,591.33,597.31,618.34,597.3697309999999,618.278166,3.500082765325141,30,1mo,False,0.0170985915492957,320427238.66,D,1.9713019802817293
70,2025-06-11,2025-06-12,2025-06-26,601.36,594.68,593.19,606.71,593.249319,606.6493290000001,2.2587484841259498,14,2w,False,0.0086209788333165,386231277.68,P,1.1232931997040534
69,2025-06-11,2025-06-12,2025-06-26,601.36,594.68,593.19,606.71,593.249319,606.6493290000001,2.2587484841259498,14,2w,False,0.0086209788333165,386231277.68,P,1.1232931997040534
68,2025-06-11,2025-06-12,2025-06-26,604.21,594.68,593.19,606.71,593.249319,606.6493290000001,2.2587484841259498,14,2w,False,0.0134010935560699,302105000.0,M,1.6025425438891652
71,2025-06-12,2025-06-13,2025-06-27,602.11,592.99,591.69,609.66,591.749169,609.599034,3.016457974949849,14,2w,False,0.0127666016282043,301055000.0,D,1.5379685998077546
72,2025-06-12,2025-06-13,2025-06-27,603.28,592.99,591.69,609.66,591.749169,609.599034,3.016457974949849,14,2w,False,0.0147345757922357,301640000.0,M,1.7352737820199267
73,2025-06-12,2025-06-13,2025-06-27,603.75,592.99,591.69,609.66,591.749169,609.599034,3.016457974949849,14,2w,False,0.0155251295162484,482470511.25,P,1.8145331287205504
74,2025-06-12,2025-06-13,2025-06-27,603.75,592.99,591.69,609.66,591.749169,609.599034,3.016457974949849,14,2w,False,0.0155251295162484,482470511.25,P,1.8145331287205504
0,2025-06-16,2025-06-17,2025-06-24,597.0261,588.69,593.39,601.64,593.449339,601.579836,1.3700406194234516,7,1w,False,0.0081469606100375,902567938.2753,D,1.4160423992253965
80,2025-06-18,2025-06-20,2025-06-24,597.425,589.21,593.32,601.64,593.3793320000001,601.579836,1.3820002749943994,4,3d,False,0.011333434902578,358455000.0,D,1.3942397447429469
75,2025-06-18,2025-06-20,2025-06-24,599.49,589.21,593.32,601.64,593.3793320000001,601.579836,1.3820002749943994,4,3d,False,0.014829109745569,1270918800.0,M,1.7447090171585637
76,2025-06-18,2025-06-20,2025-06-24,599.49,589.21,593.32,601.64,593.3793320000001,601.579836,1.3820002749943994,4,3d,False,0.014829109745569,1016735040.0,M,1.7447090171585637
77,2025-06-18,2025-06-20,2025-06-24,597.44,589.21,593.32,601.64,593.3793320000001,601.579836,1.3820002749943994,4,3d,False,0.0113588272137863,621821526.4000001,P,1.3967855263827866
78,2025-06-18,2025-06-20,2025-06-24,597.44,589.21,593.32,601.64,593.3793320000001,601.579836,1.3820002749943994,4,3d,False,0.0113588272137863,716928000.0000001,D,1.3967855263827866
79,2025-06-18,2025-06-20,2025-06-24,597.44,589.21,593.32,601.64,593.3793320000001,601.579836,1.3820002749943994,4,3d,False,0.0113588272137863,621821526.4000001,P,1.3967855263827866
84,2025-06-20,2025-06-23,2025-06-25,594.92,589.12,590.01,601.95,590.069001,601.889805,2.003291815019459,2,3d,False,0.0072463768115941,1070856000.0,M,0.9845192829983628
85,2025-06-20,2025-06-23,2025-06-25,594.28,589.12,590.01,601.95,590.069001,601.889805,2.003291815019459,2,3d,False,0.0061628064472436,1925681140.8,P,0.8758826724606138
81,2025-06-20,2025-06-23,2025-06-25,598.6383,589.12,590.01,601.95,590.069001,601.889805,2.003291815019459,2,3d,False,0.0135417513206013,924237671.37,D,1.6156810157523005
86,2025-06-20,2025-06-23,2025-06-25,595.06,589.12,590.01,601.95,590.069001,601.889805,2.003291815019459,2,3d,False,0.0074834078287958,714071999.9999999,M,1.0082835415534934
87,2025-06-20,2025-06-23,2025-06-25,594.28,589.12,590.01,601.95,590.069001,601.889805,2.003291815019459,2,3d,False,0.0061628064472436,1925681140.8,P,0.8758826724606138
83,2025-06-20,2025-06-23,2025-06-25,598.6482,589.12,590.01,601.95,590.069001,601.889805,2.003291815019459,2,3d,False,0.0135585127996749,598648200.0,D,1.6173614883215595
82,2025-06-20,2025-06-23,2025-06-25,594.41,589.12,590.01,601.95,590.069001,601.889805,2.003291815019459,2,3d,False,0.0063829066775023,594410000.0,D,0.8979494839760938
90,2025-06-23,2025-06-24,2025-06-24,600.1385,587.74,599.22,601.64,599.279922,601.579836,0.3837795853938175,0,1d,False,0.0184785744590581,600138500.0,D,2.1095212168646023
89,2025-06-23,2025-06-24,2025-06-24,600.1438,587.74,599.22,601.64,599.279922,601.579836,0.3837795853938175,0,1d,False,0.0184875689435724,485299082.14440006,D,2.1104229761459226
88,2025-06-23,2025-06-24,2025-06-24,600.15,587.74,599.22,601.64,599.279922,601.579836,0.3837795853938175,0,1d,False,0.0184980907933813,509256082.2,P,2.1114778643617873
91,2025-06-24,2025-06-25,2025-06-27,607.465,593.54,602.77,609.66,602.830277,609.599034,1.122829635181044,2,3d,False,0.0208294822457861,607465000.0,M,2.346092933921904
92,2025-06-24,2025-06-25,2025-06-27,607.5,593.54,602.77,609.66,602.830277,609.599034,1.122829635181044,2,3d,False,0.0208882988555967,303750000.0,M,2.351989756376999
93,2025-06-24,2025-06-25,2025-06-27,606.78,593.54,602.77,609.66,602.830277,609.599034,1.122829635181044,2,3d,False,0.0196783571680641,731346472.98,P,2.23068369444351
94,2025-06-24,2025-06-25,2025-06-27,606.8352,593.54,602.77,609.66,602.830277,609.599034,1.122829635181044,2,3d,False,0.0197711193641083,867774336.0,D,2.239983825858413
95,2025-06-24,2025-06-25,2025-06-27,606.78,593.54,602.77,609.66,602.830277,609.599034,1.122829635181044,2,3d,False,0.0196783571680641,386784629.64,D,2.23068369444351
97,2025-06-25,2025-06-26,2025-06-30,606.8,600.1,603.86,612.65,603.920386,612.5887349999999,1.4353463140089895,4,3d,False,0.0085597939001079,485440000.0,M,1.1164805865688936
98,2025-06-25,2025-06-26,2025-06-30,606.8,600.1,603.86,612.65,603.920386,612.5887349999999,1.4353463140089895,4,3d,False,0.0085597939001079,303400000.0,M,1.1164805865688936
99,2025-06-25,2025-06-26,2025-06-30,606.7667,600.1,603.86,612.65,603.920386,612.5887349999999,1.4353463140089895,4,3d,False,0.0085044461065404,946556052.0,M,1.1109315114147627
100,2025-06-25,2025-06-26,2025-06-30,607.12,600.1,603.86,612.65,603.920386,612.5887349999999,1.4353463140089895,4,3d,False,0.0090916645890468,521072275.28,P,1.1698050324945812
101,2025-06-25,2025-06-26,2025-06-30,607.12,600.1,603.86,612.65,603.920386,612.5887349999999,1.4353463140089895,4,3d,False,0.0090916645890468,521072275.28,P,1.1698050324945812
102,2025-06-25,2025-06-26,2025-06-30,606.9,600.1,603.86,612.65,603.920386,612.5887349999999,1.4353463140089895,4,3d,False,0.0087260034904013,606900000.0,M,1.1331444759206724
96,2025-06-25,2025-06-26,2025-06-30,606.97,600.1,603.86,612.65,603.920386,612.5887349999999,1.4353463140089895,4,3d,False,0.0088423502036068,303485000.0,M,1.1448091984669229
109,2025-06-26,2025-06-27,2025-07-01,611.24,600.44,607.7,612.34,607.7607700000001,612.278766,0.7433839469434433,4,3d,False,0.0153825708495298,305620000.0,M,1.7986809672906459
108,2025-06-26,2025-06-27,2025-07-01,611.08,600.44,607.7,612.34,607.7607700000001,612.278766,0.7433839469434433,4,3d,False,0.0151167812884149,488864000.00000006,M,1.772033841849308
111,2025-06-26,2025-06-27,2025-07-01,611.87,600.44,607.7,612.34,607.7607700000001,612.278766,0.7433839469434433,4,3d,False,0.0164291172464201,659452070.55,P,1.903604023715933
107,2025-06-26,2025-06-27,2025-07-01,610.14,600.44,607.7,612.34,607.7607700000001,612.278766,0.7433839469434433,4,3d,False,0.0135552676168642,305070000.0,D,1.6154819798814088
106,2025-06-26,2025-06-27,2025-07-01,610.51,600.44,607.7,612.34,607.7607700000001,612.278766,0.7433839469434433,4,3d,False,0.0141699059769427,396831500.0,M,1.6771034574645152
105,2025-06-26,2025-06-27,2025-07-01,610.14,600.44,607.7,612.34,607.7607700000001,612.278766,0.7433839469434433,4,3d,False,0.0135552676168642,427098000.0,M,1.6154819798814088
104,2025-06-26,2025-06-27,2025-06-27,609.21,600.44,607.7,609.66,607.7607700000001,609.599034,0.30246506367954673,0,1d,False,0.0120103657928835,304605000.0,M,1.460595563253611
103,2025-06-26,2025-06-27,2025-06-27,609.21,600.44,607.7,609.66,607.7607700000001,609.599034,0.30246506367954673,0,1d,False,0.0120103657928835,1523025000.0,M,1.460595563253611
110,2025-06-26,2025-06-27,2025-07-01,611.24,600.44,607.7,612.34,607.7607700000001,612.278766,0.7433839469434433,4,3d,False,0.0153825708495298,519554000.0,M,1.7986809672906459
112,2025-06-26,2025-06-27,2025-07-01,611.6996,600.44,607.7,612.34,607.7607700000001,612.278766,0.7433839469434433,4,3d,False,0.0161460513638327,734039520.0,D,1.8752248351209075
113,2025-06-27,2025-06-30,2025-07-07,615.32,605.14,612.14,615.53,612.2012139999999,615.468447,0.533686135421485,7,1w,False,0.0142247276203662,615320000.0,D,1.6822553458703877
114,2025-06-27,2025-06-30,2025-07-07,615.04,605.14,612.14,615.53,612.2012139999999,615.468447,0.533686135421485,7,1w,False,0.0137632069096242,738048000.0,M,1.6359850613081233
115,2025-06-27,2025-06-30,2025-07-07,615.23,605.14,612.14,615.53,612.2012139999999,615.468447,0.533686135421485,7,1w,False,0.0140763816776277,1230460000.0,M,1.6673827544039448
116,2025-06-27,2025-06-30,2025-07-07,614.91,605.14,612.14,615.53,612.2012139999999,615.468447,0.533686135421485,7,1w,False,0.0135489294367797,796773936.87,P,1.6145024291899366
117,2025-06-27,2025-06-30,2025-07-07,614.91,605.14,612.14,615.53,612.2012139999999,615.468447,0.533686135421485,7,1w,False,0.0135489294367797,796773936.87,P,1.6145024291899366
118,2025-06-30,2025-07-01,2025-07-03,616.4755,608.14,611.15,619.84,611.211115,619.7780160000001,1.4016271611814846,2,3d,False,0.011096258877171,739154124.5,D,1.370654783438028
120,2025-06-30,2025-07-01,2025-07-03,616.27,608.14,611.15,619.84,611.211115,619.7780160000001,1.4016271611814846,2,3d,False,0.0107592133965326,308135000.0,M,1.3368632222843417
121,2025-06-30,2025-07-01,2025-07-03,616.15,608.14,611.15,619.84,611.211115,619.7780160000001,1.4016271611814846,2,3d,False,0.0105623985173278,308075000.0,M,1.3171309238004394
123,2025-06-30,2025-07-01,2025-07-03,617.85,608.14,611.15,619.84,611.211115,619.7780160000001,1.4016271611814846,2,3d,False,0.0133506093060635,1858977194.4,P,1.5966718189890545
124,2025-06-30,2025-07-01,2025-07-03,617.85,608.14,611.15,619.84,611.211115,619.7780160000001,1.4016271611814846,2,3d,False,0.0133506093060635,1858977194.4,P,1.5966718189890545
119,2025-06-30,2025-07-01,2025-07-03,615.86,608.14,611.15,619.84,611.211115,619.7780160000001,1.4016271611814846,2,3d,False,0.0100867625592494,307930000.0,M,1.2694445357976827
122,2025-06-30,2025-07-01,2025-07-03,618.655,608.14,611.15,619.84,611.211115,619.7780160000001,1.4016271611814846,2,3d,False,0.0146709091207294,309327500.0,M,1.7290426546518873
126,2025-07-01,2025-07-02,2025-07-07,617.65,611.05,612.02,615.53,612.081202,615.468447,0.5533979787211374,5,3d,False,0.0082106362835035,513118296.35,P,1.0801080108010839
125,2025-07-01,2025-07-02,2025-07-07,617.65,611.05,612.02,615.53,612.081202,615.468447,0.5533979787211374,5,3d,False,0.0082106362835035,513118296.35,P,1.0801080108010839
128,2025-07-02,2025-07-03,2025-07-03,619.3306,610.85,617.19,619.84,617.2517190000001,619.7780160000001,0.4092814847227677,0,1d,False,0.0112675734369643,634194534.4,M,1.3883277400343752
131,2025-07-02,2025-07-03,2025-07-17,620.4236,610.85,617.19,622.67,617.2517190000001,622.6077329999999,0.8677195761685352,14,2w,False,0.0130522671978838,608015128.0,D,1.5672587378243337
130,2025-07-02,2025-07-03,2025-07-17,620.45,610.85,617.19,622.67,617.2517190000001,622.6077329999999,0.8677195761685352,14,2w,False,0.0130953741652108,456737442.55,P,1.5715805844315336
129,2025-07-02,2025-07-03,2025-07-10,619.83,610.85,617.19,620.55,617.2517190000001,620.487945,0.524295988230361,7,1w,False,0.0120830135688978,309915000.0,M,1.4700826716869964
127,2025-07-02,2025-07-03,2025-07-10,619.4544,610.85,617.19,620.55,617.2517190000001,620.487945,0.524295988230361,7,1w,False,0.0114697189882925,451582257.6,M,1.4085945813211003
133,2025-07-03,2025-07-07,2025-08-04,625.34,613.62,618.08,625.75,618.1418080000001,625.687425,1.220693520862759,28,1mo,False,0.01648244473342,524573337.74,P,1.9099768586421608
132,2025-07-03,2025-07-07,2025-08-04,625.3275,613.62,618.08,625.75,618.1418080000001,625.687425,1.220693520862759,28,1mo,False,0.0164621261378412,625327500.0,M,1.9079397672826803
134,2025-07-03,2025-07-07,2025-08-04,625.34,613.62,618.08,625.75,618.1418080000001,625.687425,1.220693520862759,28,1mo,False,0.01648244473342,524573337.74,P,1.9099768586421608
135,2025-07-03,2025-07-07,2025-08-04,625.34,613.62,618.08,625.75,618.1418080000001,625.687425,1.220693520862759,28,1mo,False,0.01648244473342,524573337.74,P,1.9099768586421608
137,2025-07-08,2025-07-09,2025-07-15,620.34,613.85,617.5,616.86,617.56175,616.798314,-0.12362099822406103,6,1w,False,0.0079781616105813,723366687.5400001,P,1.0572615459802899
136,2025-07-08,2025-07-09,2025-07-15,620.34,613.85,617.5,616.86,617.56175,616.798314,-0.12362099822406103,6,1w,False,0.0079781616105813,723366687.5400001,P,1.0572615459802899
139,2025-07-09,2025-07-10,2025-07-23,624.06,613.51,618.92,628.8,618.9818919999999,628.73712,1.5760118552870628,13,2w,False,0.0145832317221868,695142930.2399999,P,1.7196133722351639
138,2025-07-09,2025-07-10,2025-07-23,624.06,613.51,618.92,628.8,618.9818919999999,628.73712,1.5760118552870628,13,2w,False,0.0145832317221868,695142930.2399999,P,1.7196133722351639
141,2025-07-10,2025-07-11,2025-07-24,625.82,617.19,617.47,629.06,617.531747,628.997094,1.8566409023826225,13,2w,False,0.0113772261546916,457367404.78,P,1.3982728171227652
140,2025-07-10,2025-07-11,2025-07-24,625.82,617.19,617.47,629.06,617.531747,628.997094,1.8566409023826225,13,2w,False,0.0113772261546916,457367404.78,P,1.3982728171227652
143,2025-07-14,2025-07-15,2025-07-28,624.81,616.76,622.2,631.53,622.2622200000001,631.466847,1.4792199661422423,13,2w,False,0.0104471577585508,508965227.52,P,1.3052078604319273
142,2025-07-14,2025-07-15,2025-07-28,624.81,616.76,622.2,631.53,622.2622200000001,631.466847,1.4792199661422423,13,2w,False,0.0104471577585508,508965227.52,P,1.3052078604319273
144,2025-07-15,2025-07-16,2025-07-29,625.03,617.93,618.48,629.87,618.541848,629.807013,1.8212454074732154,13,2w,False,0.0088776976094781,300014400.0,M,1.148997459259143
147,2025-07-16,2025-07-17,2025-07-21,623.815,615.29,619.15,623.44,619.211915,623.3776560000001,0.672748843988269,4,3d,False,0.0112420568019713,311907500.0,M,1.3855255245494142
145,2025-07-16,2025-07-17,2025-07-21,623.875,615.29,619.15,623.44,619.211915,623.3776560000001,0.672748843988269,4,3d,False,0.0113393204513033,311937500.0,M,1.3952770238424217
146,2025-07-16,2025-07-17,2025-07-21,624.22,615.29,619.15,623.44,619.211915,623.3776560000001,0.672748843988269,4,3d,False,0.011898586434963,533398486.88,P,1.4513481447772698
148,2025-07-16,2025-07-17,2025-07-21,624.22,615.29,619.15,623.44,619.211915,623.3776560000001,0.672748843988269,4,3d,False,0.011898586434963,533398486.88,P,1.4513481447772698
149,2025-07-17,2025-07-18,2025-07-24,626.42,617.35,623.97,629.06,624.0323970000001,628.997094,0.7955832139272534,6,1w,False,0.0120851778847705,407173000.0,M,1.4691827974406635
150,2025-07-17,2025-07-18,2025-07-24,626.5146,617.35,623.97,629.06,624.0323970000001,628.997094,0.7955832139272534,6,1w,False,0.0122380198403721,344583030.0,D,1.484506357819705
151,2025-07-17,2025-07-18,2025-07-24,628.04,617.35,623.97,629.06,624.0323970000001,628.997094,0.7955832139272534,6,1w,False,0.0147025559828091,682573969.28,P,1.7315947193650185
152,2025-07-17,2025-07-18,2025-07-24,627.6144,617.35,623.97,629.06,624.0323970000001,628.997094,0.7955832139272534,6,1w,False,0.0140149287491517,439330080.00000006,D,1.6626548959261398
153,2025-07-17,2025-07-18,2025-07-24,628.04,617.35,623.97,629.06,624.0323970000001,628.997094,0.7955832139272534,6,1w,False,0.0147025559828091,682573969.28,P,1.7315947193650185
158,2025-07-18,2025-07-21,2025-07-25,630.2964,621.13,623.44,631.64,623.502344,631.576836,1.2950219157475962,4,1w,False,0.0121503701443642,630296400.0,D,1.475761917794979
154,2025-07-18,2025-07-21,2025-07-25,630.2541,621.13,623.44,631.64,623.502344,631.576836,1.2950219157475962,4,1w,False,0.0120824434345542,633720497.55,D,1.4689517492312396
155,2025-07-18,2025-07-21,2025-07-25,627.9,621.13,623.44,631.64,623.502344,631.576836,1.2950219157475962,4,1w,False,0.0083021534212258,753480000.0,D,1.0899489639849922
156,2025-07-18,2025-07-21,2025-07-25,627.31,621.13,623.44,631.64,623.502344,631.576836,1.2950219157475962,4,1w,False,0.0073547123151284,627310000.0,M,0.9949607972566049
157,2025-07-18,2025-07-21,2025-07-25,627.31,621.13,623.44,631.64,623.502344,631.576836,1.2950219157475962,4,1w,False,0.0073547123151284,345020499.99999994,M,0.9949607972566049
159,2025-07-18,2025-07-21,2025-07-25,627.58,621.13,623.44,631.64,623.502344,631.576836,1.2950219157475962,4,1w,False,0.0077882870585968,741620072.12,P,1.0384299583018122
161,2025-07-18,2025-07-21,2025-07-25,627.675,621.13,623.44,631.64,623.502344,631.576836,1.2950219157475962,4,1w,False,0.0079408411350022,378362490.0,D,1.0537246631139954
162,2025-07-18,2025-07-21,2025-07-25,627.5924,621.13,623.44,631.64,623.502344,631.576836,1.2950219157475962,4,1w,False,0.0078081993801486,631044158.2,D,1.040426319772029
160,2025-07-18,2025-07-21,2025-07-25,627.58,621.13,623.44,631.64,623.502344,631.576836,1.2950219157475962,4,1w,False,0.0077882870585968,741620072.12,P,1.0384299583018122
164,2025-07-21,2025-07-22,2025-07-24,628.77,620.67,623.76,629.06,623.822376,628.997094,0.8295178562174543,2,3d,False,0.0104456264965368,1130355548.25,P,1.3050413263086702
165,2025-07-21,2025-07-22,2025-07-24,628.77,620.67,623.76,629.06,623.822376,628.997094,0.8295178562174543,2,3d,False,0.0104456264965368,1130355548.25,P,1.3050413263086702
163,2025-07-21,2025-07-22,2025-07-24,628.57,620.67,623.76,629.06,623.822376,628.997094,0.8295178562174543,2,3d,False,0.0101242226043358,942855000.0,M,1.272818083683776
166,2025-07-22,2025-07-23,2025-07-25,628.86,621.85,626.21,631.64,626.2726210000001,631.576836,0.8469498461437519,2,3d,False,0.0086775202502204,720326429.28,P,1.1272814987537172
167,2025-07-22,2025-07-23,2025-07-25,628.86,621.85,626.21,631.64,626.2726210000001,631.576836,0.8469498461437519,2,3d,False,0.0086775202502204,720326429.28,P,1.1272814987537172
176,2025-07-23,2025-07-24,2025-08-21,634.21,621.94,629.22,630.2,629.282922,630.1369800000001,0.13571924012902858,28,1mo,False,0.0171119735702602,467033512.42,P,1.972859118242914
174,2025-07-23,2025-07-24,2025-08-21,634.21,621.94,629.22,630.2,629.282922,630.1369800000001,0.13571924012902858,28,1mo,False,0.0171119735702602,467033512.42,P,1.972859118242914
175,2025-07-23,2025-07-24,2025-08-21,633.74,621.94,629.22,630.2,629.282922,630.1369800000001,0.13571924012902858,28,1mo,False,0.0163582127850659,369153550.0,M,1.8972891275685682
171,2025-07-23,2025-07-24,2025-07-30,631.395,621.94,629.22,629.12,629.282922,629.057088,-0.03588751451926164,6,1w,False,0.0125974275908522,473546250.0,D,1.5202431102678597
170,2025-07-23,2025-07-24,2025-07-30,631.135,621.94,629.22,629.12,629.282922,629.057088,-0.03588751451926164,6,1w,False,0.0121804535394682,473351250.0,D,1.478438434575672
169,2025-07-23,2025-07-24,2025-07-30,631.395,621.94,629.22,629.12,629.282922,629.057088,-0.03588751451926164,6,1w,False,0.0125974275908522,947092500.0,D,1.5202431102678597
168,2025-07-23,2025-07-24,2025-07-28,630.75,621.94,629.22,631.53,629.282922,631.466847,0.3470497805754924,4,3d,False,0.0115630111941495,315375000.0,D,1.4165353571083938
172,2025-07-23,2025-07-24,2025-07-30,631.135,621.94,629.22,629.12,629.282922,629.057088,-0.03588751451926164,6,1w,False,0.0121804535394682,315567500.0,D,1.478438434575672
173,2025-07-23,2025-07-24,2025-07-30,631.135,621.94,629.22,629.12,629.282922,629.057088,-0.03588751451926164,6,1w,False,0.0121804535394682,315567500.0,D,1.478438434575672
177,2025-07-24,2025-07-25,2025-08-22,634.42,627.23,629.69,639.81,629.752969,639.7460189999999,1.5868206252156458,28,1mo,False,0.0088574381808061,491238384.62,P,1.1463099660411555
178,2025-07-24,2025-07-25,2025-08-22,634.42,627.23,629.69,639.81,629.752969,639.7460189999999,1.5868206252156458,28,1mo,False,0.0088574381808061,491238384.62,P,1.1463099660411555
180,2025-07-25,2025-07-28,2025-08-25,636.795,627.44,632.11,637.04,632.173211,636.9762959999999,0.7597735741446732,28,1mo,False,0.0123122168349097,636795000.0,D,1.4909792171362846
181,2025-07-25,2025-07-28,2025-08-25,636.73,627.44,632.11,637.04,632.173211,636.9762959999999,0.7597735741446732,28,1mo,False,0.0122088864160242,636730000.0,M,1.480619660844059
182,2025-07-25,2025-07-28,2025-08-25,637.1,627.44,632.11,637.04,632.173211,636.9762959999999,0.7597735741446732,28,1mo,False,0.0127970749542962,811996692.0,P,1.5395894428152441
183,2025-07-25,2025-07-28,2025-08-25,637.1,627.44,632.11,637.04,632.173211,636.9762959999999,0.7597735741446732,28,1mo,False,0.0127970749542962,811996692.0,P,1.5395894428152441
179,2025-07-25,2025-07-28,2025-08-25,635.725,627.44,632.11,637.04,632.173211,636.9762959999999,0.7597735741446732,28,1mo,False,0.0106112391701773,635725000.0,M,1.3204449827871936
187,2025-07-28,2025-07-29,2025-08-26,636.9404,630.09,632.96,639.67,633.0232960000001,639.6060329999999,1.039888585711668,28,1mo,False,0.0082797486188281,399361630.8,M,1.0872097636845406
186,2025-07-28,2025-07-29,2025-08-26,636.94,630.09,632.96,639.67,633.0232960000001,639.6060329999999,1.039888585711668,28,1mo,False,0.0082791154168843,516525219.12000006,P,1.0871462806900636
185,2025-07-28,2025-07-29,2025-08-26,636.94,630.09,632.96,639.67,633.0232960000001,639.6060329999999,1.039888585711668,28,1mo,False,0.0082791154168843,516525219.12000006,P,1.0871462806900636
184,2025-07-28,2025-07-29,2025-08-26,635.62,630.09,632.96,639.67,633.0232960000001,639.6060329999999,1.039888585711668,28,1mo,False,0.0061895490019153,476715000.0,D,0.87765239886365
188,2025-07-29,2025-07-30,2025-08-12,635.26,629.93,630.58,637.2,630.643058,637.13628,1.0296191986307601,13,2w,False,0.005874435911646,660110735.9399999,P,0.8461257600050864
189,2025-07-29,2025-07-30,2025-08-12,635.26,629.93,630.58,637.2,630.643058,637.13628,1.0296191986307601,13,2w,False,0.005874435911646,660110735.9399999,P,0.8461257600050864
1,2025-07-30,2025-07-31,2025-08-13,634.46,628.27,634.06,639.43,634.1234059999999,639.366057,0.8267556362680617,13,2w,False,0.0062028131950752,445190430.6400001,P,0.9852451971286317
190,2025-07-31,2025-08-01,2025-08-14,633.11,627.48,621.0,639.48,621.0621,639.416052,2.95525230085687,13,2w,False,0.0063901826447725,633110000.0,M,0.8972397526614386
195,2025-08-04,2025-08-05,2025-08-11,631.17,614.88,626.47,630.45,626.532647,630.3869550000001,0.6151807122031894,6,1w,False,0.0238620510657624,840399067.9799999,P,2.649297423887582
196,2025-08-04,2025-08-05,2025-08-11,631.17,614.88,626.47,630.45,626.532647,630.3869550000001,0.6151807122031894,6,1w,False,0.0238620510657624,840399067.9799999,P,2.649297423887582
2,2025-08-06,2025-08-07,2025-08-07,628.0228,621.06,630.87,626.95,630.933087,626.8873050000001,-0.6412378877191371,0,1d,False,0.0064109480678718,500186874.9916,D,1.1211155121888412
3,2025-08-06,2025-08-07,2025-08-07,628.0228,621.06,630.87,626.95,630.933087,626.8873050000001,-0.6412378877191371,0,1d,False,0.007128966261159,999105143.9272,D,1.1211155121888412
197,2025-08-07,2025-08-08,2025-08-12,632.25,625.82,628.71,637.2,628.772871,637.13628,1.3301160698455217,4,3d,False,0.0076821318712845,583676761.5,P,1.027451982998298
198,2025-08-07,2025-08-08,2025-08-12,632.63,625.82,628.71,637.2,628.772871,637.13628,1.3301160698455217,4,3d,False,0.0082877771225476,316315000.0,M,1.0881723179188816
199,2025-08-07,2025-08-08,2025-08-12,632.25,625.82,628.71,637.2,628.772871,637.13628,1.3301160698455217,4,3d,False,0.0076821318712845,583676761.5,P,1.027451982998298
4,2025-08-08,2025-08-11,2025-08-13,632.1468,625.29,632.08,639.43,632.1432080000001,639.366057,1.1425969477472986,2,3d,False,0.009407192666301,493769865.48,D,1.0965791872571162
200,2025-08-11,2025-08-12,2025-08-14,635.92,630.17,632.88,639.48,632.9432879999999,639.416052,1.0226451757554766,2,3d,False,0.0065369822251064,495355607.28,P,0.9124521954393259
201,2025-08-11,2025-08-12,2025-08-14,635.92,630.17,632.88,639.48,632.9432879999999,639.416052,1.0226451757554766,2,3d,False,0.0065369822251064,495355607.28,P,0.9124521954393259
202,2025-08-12,2025-08-13,2025-09-11,642.69,628.92,639.46,652.05,639.523946,651.984795,1.9484569855340306,29,1mo,False,0.0192691978304312,679227569.19,P,2.1894676588437476
203,2025-08-12,2025-08-13,2025-09-11,642.69,628.92,639.46,652.05,639.523946,651.984795,1.9484569855340306,29,1mo,False,0.0192691978304312,679227569.19,P,2.1894676588437476
204,2025-08-12,2025-08-13,2025-09-11,642.7603,628.92,639.46,652.05,639.523946,651.984795,1.9484569855340306,29,1mo,False,0.0193806895676722,321380150.0,D,2.20064555110349
208,2025-08-13,2025-08-14,2025-09-12,644.89,635.62,637.34,651.86,637.403734,651.794814,2.2577652486736044,29,1mo,False,0.0119890153001176,556433018.26,P,1.4584185519650077
205,2025-08-13,2025-08-14,2025-09-12,643.395,635.62,637.34,651.86,637.403734,651.794814,2.2577652486736044,29,1mo,False,0.009642997253825,965092500.0,D,1.223215128535914
206,2025-08-13,2025-08-14,2025-09-12,644.9,635.62,637.34,651.86,637.403734,651.794814,2.2577652486736044,29,1mo,False,0.0120047077285209,386940000.0,M,1.4599918190113546
207,2025-08-13,2025-08-14,2025-09-12,644.89,635.62,637.34,651.86,637.403734,651.794814,2.2577652486736044,29,1mo,False,0.0119890153001176,556433018.26,P,1.4584185519650077
209,2025-08-14,2025-08-15,2025-09-15,644.605,637.79,640.53,655.26,640.5940529999999,655.194474,2.279200209809029,31,1mo,False,0.0080773802076816,644605000.0,M,1.0685335298452554
210,2025-08-14,2025-08-15,2025-09-15,644.95,637.79,640.53,655.26,640.5940529999999,655.194474,2.279200209809029,31,1mo,False,0.0086169148004503,463721629.8,P,1.1226265698741094
211,2025-08-14,2025-08-15,2025-09-15,644.95,637.79,640.53,655.26,640.5940529999999,655.194474,2.279200209809029,31,1mo,False,0.0086169148004503,463721629.8,P,1.1226265698741094
212,2025-08-14,2025-08-15,2025-09-15,645.071,637.79,640.53,655.26,640.5940529999999,655.194474,2.279200209809029,31,1mo,False,0.0088061428750155,550245563.0,D,1.141598331739297
5,2025-08-15,2025-08-18,2025-09-16,646.9694,637.85,637.42,654.35,637.483742,654.284565,2.6354904279268787,29,1mo,False,0.0052952196029097,646969400.0,D,1.4297091792741126
213,2025-08-18,2025-08-19,2025-09-17,643.3,636.36,637.68,653.6,637.7437679999999,653.5346400000001,2.47605273345457,29,1mo,False,0.0083072100313478,455125743.8,P,1.0905776604437647
214,2025-08-18,2025-08-19,2025-09-17,643.3,636.36,637.68,653.6,637.7437679999999,653.5346400000001,2.47605273345457,29,1mo,False,0.0083072100313478,455125743.8,P,1.0905776604437647
215,2025-08-20,2025-08-21,2025-08-25,638.11,632.77,630.9,637.04,630.96309,636.9762959999999,0.9530202471906835,4,3d,False,0.0058480453972257,477569819.43,P,0.8439085291654207
216,2025-08-20,2025-08-21,2025-08-25,638.067,632.77,630.9,637.04,630.96309,636.9762959999999,0.9530202471906835,4,3d,False,0.0057802648171501,396877674.0,D,0.8371130110466718
217,2025-08-20,2025-08-21,2025-08-25,638.0879,632.77,630.9,637.04,630.96309,636.9762959999999,0.9530202471906835,4,3d,False,0.0058132093316519,638087900.0,D,0.8404159489229908
218,2025-08-22,2025-08-25,2025-09-23,645.31,628.56,638.58,659.44,638.643858,659.3740560000001,3.245971559942573,29,1mo,False,0.0240252630242632,841048010.4399999,P,2.6648211785668834
219,2025-08-22,2025-08-25,2025-09-23,645.31,628.56,638.58,659.44,638.643858,659.3740560000001,3.245971559942573,29,1mo,False,0.0240252630242632,841048010.4399999,P,2.6648211785668834
220,2025-08-25,2025-08-26,2025-09-09,643.95,638.21,636.77,644.83,636.833677,644.765517,1.245512020872619,14,2w,False,0.0064077518168321,772740000.0,D,0.8993904827564607
221,2025-08-26,2025-08-27,2025-09-10,643.14,635.4,639.12,646.71,639.183912,646.6453290000001,1.1673349187800053,14,2w,False,0.0095755368579681,836082000.0,M,1.2181303116147324
223,2025-08-26,2025-08-27,2025-09-10,645.16,635.4,639.12,646.71,639.183912,646.6453290000001,1.1673349187800053,14,2w,False,0.0127464523420821,844026053.88,P,1.5360402895813647
222,2025-08-26,2025-08-27,2025-09-10,644.275,635.4,639.12,646.71,639.183912,646.6453290000001,1.1673349187800053,14,2w,False,0.0113572146176064,1288550000.0,M,1.3967579477494492
224,2025-08-26,2025-08-27,2025-09-10,645.16,635.4,639.12,646.71,639.183912,646.6453290000001,1.1673349187800053,14,2w,False,0.0127464523420821,844026053.88,P,1.5360402895813647
226,2025-08-27,2025-08-28,2025-09-11,646.63,638.06,641.8,652.05,641.8641799999999,651.984795,1.5767533561383829,14,2w,False,0.0108332030639361,559060778.88,P,1.3431338745572596
227,2025-08-27,2025-08-28,2025-09-11,646.7573,638.06,641.8,652.05,641.8641799999999,651.984795,1.5767533561383829,14,2w,False,0.0110322025949662,614419435.0,D,1.3630849763345205
225,2025-08-27,2025-08-28,2025-09-11,645.2766,638.06,641.8,652.05,641.8641799999999,651.984795,1.5767533561383829,14,2w,False,0.0087175238392996,454920003.0,D,1.1310221609253184
228,2025-08-28,2025-08-29,2025-09-12,646.164,639.51,641.98,651.86,642.044198,651.794814,1.5186829863697238,14,2w,False,0.0078046041549691,394160040.0,M,1.0404841206548758
229,2025-08-28,2025-08-29,2025-09-12,646.735,639.51,641.98,651.86,642.044198,651.794814,1.5186829863697238,14,2w,False,0.008695177490798,323367500.0,M,1.1297712310988135
230,2025-08-28,2025-08-29,2025-09-12,648.92,639.51,641.98,651.86,642.044198,651.794814,1.5186829863697238,14,2w,False,0.0121030631979536,694012152.9599999,P,1.471439070538376
231,2025-08-28,2025-08-29,2025-09-12,648.92,639.51,641.98,651.86,642.044198,651.794814,1.5186829863697238,14,2w,False,0.0121030631979536,694012152.9599999,P,1.471439070538376
233,2025-09-03,2025-09-04,2025-09-08,643.6568,633.22,638.98,643.31,639.043898,643.2456689999999,0.657508977575727,4,3d,False,0.0138722532881782,386194080.0,D,1.6482107324468507
232,2025-09-03,2025-09-04,2025-09-08,643.74,633.22,638.98,643.31,639.043898,643.2456689999999,0.657508977575727,4,3d,False,0.0140033078680002,704128605.66,P,1.6613499257761886
234,2025-09-03,2025-09-04,2025-09-08,643.74,633.22,638.98,643.31,639.043898,643.2456689999999,0.657508977575727,4,3d,False,0.0140033078680002,704128605.66,P,1.6613499257761886
235,2025-09-04,2025-09-05,2025-09-11,649.12,636.66,645.95,652.05,646.014595,651.984795,0.9241586871578278,6,1w,False,0.0169672092622476,1355491734.88,P,1.9570885559011146
236,2025-09-04,2025-09-05,2025-09-11,649.0763,636.66,645.95,652.05,646.014595,651.984795,0.9241586871578278,6,1w,False,0.0168987450845226,324538150.0,D,1.9502246096817735
237,2025-09-04,2025-09-05,2025-09-11,649.12,636.66,645.95,652.05,646.014595,651.984795,0.9241586871578278,6,1w,False,0.0169672092622476,1355491734.88,P,1.9570885559011146
238,2025-09-05,2025-09-08,2025-09-10,647.24,641.98,643.13,646.71,643.194313,646.6453290000001,0.5365433011843335,2,3d,False,0.0056088125165079,540561903.2,P,0.8193401663603214
239,2025-09-05,2025-09-08,2025-09-10,647.1015,641.98,643.13,646.71,643.194313,646.6453290000001,0.5365433011843335,2,3d,False,0.005393626773146,647101500.0,D,0.7977662855540623
241,2025-09-08,2025-09-09,2025-09-11,648.4925,640.12,643.47,652.05,643.534347,651.984795,1.313130843659538,2,3d,False,0.0104749365037318,518794000.0,D,1.3079578828969483
240,2025-09-08,2025-09-09,2025-09-11,648.83,640.12,643.47,652.05,643.534347,651.984795,1.313130843659538,2,3d,False,0.0110008258410334,450204969.7600001,P,1.3606823720552452
242,2025-09-09,2025-09-10,2025-09-12,650.33,641.69,648.1,651.86,648.16481,651.794814,0.5600433630452706,2,3d,False,0.0108651723816333,381833455.54,P,1.3464445448736908
243,2025-09-09,2025-09-10,2025-09-12,650.251,641.69,648.1,651.86,648.16481,651.794814,0.5600433630452706,2,3d,False,0.0107423757266763,643748490.0,D,1.3341333042434698
244,2025-09-09,2025-09-10,2025-09-12,650.2591,641.69,648.1,651.86,648.16481,651.794814,0.5600433630452706,2,3d,False,0.0107549662697795,731131824.267,D,1.335395596004291
247,2025-09-10,2025-09-11,2025-09-15,652.21,643.17,648.65,655.26,648.7148649999999,655.194474,0.998837755937676,4,3d,False,0.0114448769443108,751212216.95,P,1.4055381936346656
245,2025-09-10,2025-09-11,2025-09-15,652.96,643.17,648.65,655.26,648.7148649999999,655.194474,0.998837755937676,4,3d,False,0.0126079741947489,1795640000.0,M,1.5221481101419652
246,2025-09-10,2025-09-11,2025-09-15,652.7,643.17,648.65,655.26,648.7148649999999,655.194474,0.998837755937676,4,3d,False,0.0122047671479304,456890000.00000006,M,1.4817233390861027
248,2025-09-10,2025-09-11,2025-09-15,652.21,643.17,648.65,655.26,648.7148649999999,655.194474,0.998837755937676,4,3d,False,0.0114448769443108,751212216.95,P,1.4055381936346656
6,2025-09-11,2025-09-12,2025-09-16,652.2168,645.03,652.03,654.35,652.095203,654.284565,0.3357426936937635,4,3d,False,0.0070990135184507,491768206.116,D,1.1141807357797409
249,2025-09-12,2025-09-15,2025-09-19,658.12,650.39,654.06,659.85,654.1254059999999,659.7840150000001,0.8650648557747997,4,1w,False,0.0092781449844341,855556000.0,M,1.1885176586355908
250,2025-09-12,2025-09-15,2025-09-19,657.41,650.39,654.06,659.85,654.1254059999999,659.7840150000001,0.8650648557747997,4,1w,False,0.0081893048292359,811807997.78,P,1.079352388566857
251,2025-09-12,2025-09-15,2025-09-19,657.41,650.39,654.06,659.85,654.1254059999999,659.7840150000001,0.8650648557747997,4,1w,False,0.0081893048292359,811807997.78,P,1.079352388566857
252,2025-09-15,2025-09-16,2025-09-22,660.91,650.17,655.87,662.95,655.9355869999999,662.8837050000001,1.0592683394078595,6,1w,False,0.0138989031218837,777542770.43,P,1.6518756632880647
253,2025-09-15,2025-09-16,2025-09-22,660.91,650.17,655.87,662.95,655.9355869999999,662.8837050000001,1.0592683394078595,6,1w,False,0.0138989031218837,777542770.43,P,1.6518756632880647
254,2025-09-16,2025-09-17,2025-09-23,660.696,653.64,654.43,659.44,654.4954429999999,659.3740560000001,0.7454006062499463,6,1w,False,0.0082036257095769,998714019.864,D,1.079493299063711
255,2025-09-16,2025-09-17,2025-09-23,660.0,653.64,654.43,659.44,654.4954429999999,659.3740560000001,0.7454006062499463,6,1w,False,0.0071415491668191,788974560.0,P,0.9730126675234094
256,2025-09-16,2025-09-17,2025-09-23,659.8173,653.64,654.43,659.44,654.4954429999999,659.3740560000001,0.7454006062499463,6,1w,False,0.0068627540743453,527853840.00000006,D,0.9450615017440884
257,2025-09-16,2025-09-17,2025-09-23,660.0,653.64,654.43,659.44,654.4954429999999,659.3740560000001,0.7454006062499463,6,1w,False,0.0071415491668191,788974560.0,P,0.9730126675234094
258,2025-09-16,2025-09-17,2025-09-23,659.8469,653.64,654.43,659.44,654.4954429999999,659.3740560000001,0.7454006062499463,6,1w,False,0.0069079228468533,402506609.0,D,0.9495899883728075
259,2025-09-17,2025-09-18,2025-09-22,659.18,652.74,656.29,662.95,656.3556289999999,662.8837050000001,0.994594349704303,4,3d,False,0.0072736163320191,641018931.8199999,P,0.9866102889358612
260,2025-09-17,2025-09-18,2025-09-22,659.2168,652.74,656.29,662.95,656.3556289999999,662.8837050000001,0.994594349704303,4,3d,False,0.0073298493322332,980762978.536,D,0.9922480620155077
261,2025-09-17,2025-09-18,2025-09-22,659.2108,652.74,656.29,662.95,656.3556289999999,662.8837050000001,0.994594349704303,4,3d,False,0.0073206809082851,1005672220.156,D,0.9913288598829457
262,2025-09-17,2025-09-18,2025-09-22,659.2153,652.74,656.29,662.95,656.3556289999999,662.8837050000001,0.994594349704303,4,3d,False,0.0073275572262461,629682454.56,D,0.9920182614823586
7,2025-09-18,2025-09-19,2025-09-23,659.2254,651.93,658.55,659.44,658.6158549999999,659.3740560000001,0.11512036861005548,4,3d,False,0.0065772540273361,380790345.4782,D,1.1190465233997648
8,2025-09-18,2025-09-19,2025-09-23,659.2254,651.93,658.55,659.44,658.6158549999999,659.3740560000001,0.11512036861005548,4,3d,False,0.0061279380060002,331035967.6386,D,1.1190465233997648
266,2025-09-19,2025-09-22,2025-10-03,663.2098,654.97,658.42,665.36,658.4858419999999,665.293464,1.0338296688845228,11,2w,False,0.0099744159839186,1013384574.4,D,1.2580423530848657
263,2025-09-19,2025-09-22,2025-10-03,663.2084,654.97,658.42,665.36,658.4858419999999,665.293464,1.0338296688845228,11,2w,False,0.0099722839825785,1013382435.2,D,1.2578286028367645
267,2025-09-19,2025-09-22,2025-09-22,660.75,654.97,658.42,662.95,658.4858419999999,662.8837050000001,0.6678751036837349,0,1d,False,0.0062284896293363,495562500.0,M,0.8824831671679576
268,2025-09-19,2025-09-22,2025-09-22,660.62,654.97,658.42,662.95,658.4858419999999,662.8837050000001,0.6678751036837349,0,1d,False,0.0060305180763257,379856500.0,M,0.8626349298441116
269,2025-09-19,2025-09-22,2025-09-22,660.5391,654.97,658.42,662.95,658.4858419999999,662.8837050000001,0.6678751036837349,0,1d,False,0.0059073188560289,503212557.7011,D,0.8502832190787265
270,2025-09-19,2025-09-22,2025-10-03,662.35,654.97,658.42,665.36,658.4858419999999,665.293464,1.0338296688845228,11,2w,False,0.0086650625894679,801443500.0,D,1.126769164999923
271,2025-09-19,2025-09-22,2025-09-22,660.539,654.97,658.42,662.95,658.4858419999999,662.8837050000001,0.6678751036837349,0,1d,False,0.005907166570219,495559476.665,D,0.8502679512038657
272,2025-09-19,2025-09-22,2025-10-03,663.4,654.97,658.42,665.36,658.4858419999999,665.293464,1.0338296688845228,11,2w,False,0.0102640635945542,331700000.0,M,1.287081851077141
273,2025-09-19,2025-09-22,2025-10-03,663.7,654.97,658.42,665.36,658.4858419999999,665.293464,1.0338296688845228,11,2w,False,0.010720921024579,1570318845.9,P,1.332885475670644
274,2025-09-19,2025-09-22,2025-10-03,663.7,654.97,658.42,665.36,658.4858419999999,665.293464,1.0338296688845228,11,2w,False,0.010720921024579,1570318845.9,P,1.332885475670644
265,2025-09-19,2025-09-22,2025-09-22,661.47,654.97,658.42,662.95,658.4858419999999,662.8837050000001,0.6678751036837349,0,1d,False,0.0073249474613956,310890900.0,M,0.9924118661923446
264,2025-09-19,2025-09-22,2025-09-22,661.13,654.97,658.42,662.95,658.4858419999999,662.8837050000001,0.6678751036837349,0,1d,False,0.0068071757073676,595017000.0,D,0.9405010916530478
275,2025-09-22,2025-09-23,2025-10-06,665.6,658.22,662.9,667.76,662.96629,667.693224,0.7129976397442617,13,2w,False,0.0086223879013805,665600000.0,M,1.1212056759138274
278,2025-09-22,2025-09-23,2025-10-06,666.84,658.22,662.9,667.76,662.96629,667.693224,0.7129976397442617,13,2w,False,0.0105014320134564,768615788.1600001,P,1.3095925374494857
277,2025-09-22,2025-09-23,2025-10-06,666.7459,658.22,662.9,667.76,662.96629,667.693224,0.7129976397442617,13,2w,False,0.0103588368110803,989182217.0023,D,1.2952964054571385
276,2025-09-22,2025-09-23,2025-10-21,667.155,658.22,662.9,667.44,662.96629,667.3732560000001,0.664734552340529,28,1mo,False,0.0109787698322498,667155000.0,M,1.3574488772750668
9,2025-09-25,2025-09-26,2025-10-02,661.1969,655.64,655.74,665.35,655.805574,665.283465,1.4452287958138132,6,1w,False,0.0097538217192774,503419450.9344,D,0.8475535354767925
280,2025-09-26,2025-09-29,2025-10-01,661.82,652.61,660.57,664.69,660.636057,664.6235310000001,0.6035810425043087,2,3d,False,0.01150865824023,984896036.66,P,1.411256339927374
279,2025-09-26,2025-09-29,2025-10-01,661.82,652.61,660.57,664.69,660.636057,664.6235310000001,0.6035810425043087,2,3d,False,0.01150865824023,984896036.66,P,1.411256339927374
284,2025-09-29,2025-09-30,2025-10-02,663.68,656.35,659.14,665.35,659.205914,665.283465,0.9219503149056951,2,3d,False,0.0085709075436143,911982598.4,P,1.1167822046164284
283,2025-09-29,2025-09-30,2025-10-02,663.5252,656.35,659.14,665.35,659.205914,665.283465,0.9219503149056951,2,3d,False,0.0083356634855025,464467640.0,D,1.093197227089208
281,2025-09-29,2025-09-30,2025-10-02,663.7667,656.35,659.14,665.35,659.205914,665.283465,0.9219503149056951,2,3d,False,0.0087026624521306,434103421.8,M,1.1299916203245208
282,2025-09-29,2025-09-30,2025-10-02,663.68,656.35,659.14,665.35,659.205914,665.283465,0.9219503149056951,2,3d,False,0.0085709075436143,911982598.4,P,1.1167822046164284
287,2025-09-30,2025-10-01,2025-10-03,666.18,658.2,659.37,665.36,659.435937,665.293464,0.888263237009479,2,3d,False,0.0095318916789161,1791772383.9599998,P,1.2123974475843062
288,2025-09-30,2025-10-01,2025-10-03,666.3154,658.2,659.37,665.36,659.435937,665.293464,0.888263237009479,2,3d,False,0.0097370773916864,666315400.0,D,1.2329687025220157
289,2025-09-30,2025-10-01,2025-10-03,664.99,658.2,659.37,665.36,659.435937,665.293464,0.888263237009479,2,3d,False,0.0077285608207428,357432125.0,M,1.031601336979636
290,2025-09-30,2025-10-01,2025-10-03,666.3154,658.2,659.37,665.36,659.435937,665.293464,0.888263237009479,2,3d,False,0.0097370773916864,666315400.0,D,1.2329687025220157
285,2025-09-30,2025-10-01,2025-10-03,664.65,658.2,659.37,665.36,659.435937,665.293464,0.888263237009479,2,3d,False,0.0072133234326933,697882500.0,M,0.9799453053782939
286,2025-09-30,2025-10-01,2025-10-03,666.18,658.2,659.37,665.36,659.435937,665.293464,0.888263237009479,2,3d,False,0.0095318916789161,1791772383.9599998,P,1.2123974475843062
291,2025-10-01,2025-10-02,2025-10-30,668.45,660.67,666.64,676.07,666.7066639999999,676.0023930000001,1.3942756990351857,28,1mo,False,0.0091639240315227,1425180186.15,P,1.1775924440341
293,2025-10-01,2025-10-02,2025-10-30,668.45,660.67,666.64,676.07,666.7066639999999,676.0023930000001,1.3942756990351857,28,1mo,False,0.0091639240315227,1425180186.15,P,1.1775924440341
292,2025-10-01,2025-10-02,2025-10-30,668.594,660.67,666.64,676.07,666.7066639999999,676.0023930000001,1.3942756990351857,28,1mo,False,0.0093813218998159,334297000.0,D,1.1993884995534976
295,2025-10-02,2025-10-03,2025-10-31,669.22,662.93,666.16,678.1,666.2266159999999,678.03219,1.7720057584730498,28,1mo,False,0.0069060981297865,1162886863.5,P,0.9488181255939658
296,2025-10-02,2025-10-03,2025-10-31,669.22,662.93,666.16,678.1,666.2266159999999,678.03219,1.7720057584730498,28,1mo,False,0.0069060981297865,1162886863.5,P,0.9488181255939658
294,2025-10-02,2025-10-03,2025-10-09,668.0,662.93,666.16,667.34,666.2266159999999,667.273266,0.15710119873086903,6,1w,False,0.0050704903480131,334000000.0,M,0.7647866290558657
297,2025-10-03,2025-10-06,2025-11-03,669.21,663.69,667.8,679.45,667.86678,679.382055,1.7241874195329965,28,1mo,False,0.0057258791704238,538628391.12,P,0.8317136012294869
298,2025-10-03,2025-10-06,2025-11-03,669.21,663.69,667.8,679.45,667.86678,679.382055,1.7241874195329965,28,1mo,False,0.0057258791704238,538628391.12,P,0.8317136012294869
299,2025-10-06,2025-10-07,2025-11-04,671.61,663.68,668.71,671.49,668.776871,671.422851,0.39564466337533855,28,1mo,False,0.0093479012308571,606931942.17,P,1.1948529411764803
300,2025-10-06,2025-10-07,2025-11-04,671.61,663.68,668.71,671.49,668.776871,671.422851,0.39564466337533855,28,1mo,False,0.0093479012308571,606931942.17,P,1.1948529411764803
302,2025-10-08,2025-10-09,2025-11-06,672.6,663.59,669.67,666.44,669.7369669999999,666.3733560000001,-0.5022286607631599,28,1mo,False,0.0109724936119045,417012000.0,M,1.3577660905076916
304,2025-10-08,2025-10-09,2025-11-06,673.11,663.59,669.67,666.44,669.7369669999999,666.3733560000001,-0.5022286607631599,28,1mo,False,0.0117390650834211,1401860618.82,P,1.4346207748760502
303,2025-10-08,2025-10-09,2025-11-06,673.11,663.59,669.67,666.44,669.7369669999999,666.3733560000001,-0.5022286607631599,28,1mo,False,0.0117390650834211,1401860618.82,P,1.4346207748760502
301,2025-10-08,2025-10-09,2025-11-06,671.3511,663.59,669.67,666.44,669.7369669999999,666.3733560000001,-0.5022286607631599,28,1mo,False,0.0090952953554787,328962039.0,M,1.16956253108093
10,2025-10-10,2025-10-13,2025-10-24,671.2084,665.61,656.88,673.25,656.945688,673.182675,2.471587422916466,11,2w,False,0.0264073318086256,616236432.04,D,0.8410931326151906
306,2025-10-13,2025-10-14,2025-10-16,663.04,647.62,653.43,656.88,653.4953429999999,656.814312,0.5078795182783757,2,3d,False,0.0211769779297386,714229340.16,P,2.381025910256008
307,2025-10-13,2025-10-14,2025-10-16,663.04,647.62,653.43,656.88,653.4953429999999,656.814312,0.5078795182783757,2,3d,False,0.0211769779297386,714229340.16,P,2.381025910256008
305,2025-10-13,2025-10-14,2025-10-16,664.08,647.62,653.43,656.88,653.4953429999999,656.814312,0.5078795182783757,2,3d,False,0.0227787275331517,664080000.0,M,2.541613909391315
308,2025-10-14,2025-10-15,2025-10-15,663.02,657.56,663.01,661.28,663.076301,661.2138719999999,-0.28087702685064553,0,1d,False,0.0057186196435342,530416000.0,D,0.8303424782529408
309,2025-10-14,2025-10-15,2025-10-15,663.02,657.56,663.01,661.28,663.076301,661.2138719999999,-0.28087702685064553,0,1d,False,0.0057186196435342,530416000.0,D,0.8303424782529408
310,2025-10-15,2025-10-16,2025-10-16,662.2196,656.76,663.01,656.88,663.076301,656.814312,-0.9443843778696559,0,1d,False,0.0057249601336471,723568948.1832,D,0.8312930141908801
311,2025-10-15,2025-10-16,2025-10-20,665.17,656.76,663.01,667.44,663.076301,667.3732560000001,0.648033264576009,4,3d,False,0.0102057863163488,628526449.87,P,1.280528655825563
312,2025-10-15,2025-10-16,2025-10-20,665.17,656.76,663.01,667.44,663.076301,667.3732560000001,0.648033264576009,4,3d,False,0.0102057863163488,628526449.87,P,1.280528655825563
11,2025-10-17,2025-10-20,2025-10-20,660.7104,655.18,663.49,667.44,663.556349,667.3732560000001,0.5752197241051693,0,1d,False,0.0066148456646268,752183112.0384,D,0.8441039103757899
12,2025-10-20,2025-10-21,2025-10-21,664.1977,658.9,667.63,667.44,667.696763,667.3732560000001,-0.04845118591655373,0,1d,False,0.0095305796935468,504915785.36530006,D,0.8040218546061736
316,2025-10-21,2025-10-22,2025-10-24,671.29,665.75,668.14,673.25,668.206814,673.182675,0.7446588235479945,2,3d,False,0.0057231036600894,519306587.55,P,0.8321441982726194
315,2025-10-21,2025-10-22,2025-10-24,671.29,665.75,668.14,673.25,668.206814,673.182675,0.7446588235479945,2,3d,False,0.0057231036600894,519306587.55,P,0.8321441982726194
317,2025-10-21,2025-10-22,2025-10-24,671.29,665.75,668.14,673.25,668.206814,673.182675,0.7446588235479945,2,3d,False,0.0057231036600894,335645000.0,D,0.8321441982726194
313,2025-10-21,2025-10-22,2025-10-24,672.54,665.75,668.14,673.25,668.206814,673.182675,0.7446588235479945,2,3d,False,0.0075958470043596,336270000.0,M,1.019902365752905
314,2025-10-21,2025-10-22,2025-10-24,672.38,665.75,668.14,673.25,668.206814,673.182675,0.7446588235479945,2,3d,False,0.0073561358562931,403428000.0,D,0.995869320315433
13,2025-10-22,2025-10-23,2025-10-27,671.3135,665.74,664.28,681.27,664.346428,681.201873,2.537146929613665,4,3d,False,0.0076604974407468,750710418.9585,D,0.8371886922822674
319,2025-10-23,2025-10-24,2025-10-24,672.48,662.28,672.6,673.25,672.66726,673.182675,0.07662257859850641,0,1d,False,0.0127863371436316,504360000.0,M,1.5401340822612861
320,2025-10-23,2025-10-24,2025-10-24,672.48,662.28,672.6,673.25,672.66726,673.182675,0.07662257859850641,0,1d,False,0.0127863371436316,336240000.0,M,1.5401340822612861
321,2025-10-23,2025-10-24,2025-10-24,671.76,662.28,672.6,673.25,672.66726,673.182675,0.07662257859850641,0,1d,False,0.0117019834636063,1110438761.04,P,1.431418735278133
322,2025-10-23,2025-10-24,2025-10-24,671.6262,662.28,672.6,673.25,672.66726,673.182675,0.07662257859850641,0,1d,False,0.011500474404735,402975720.0,D,1.4112157999637718
323,2025-10-23,2025-10-24,2025-10-24,671.76,662.28,672.6,673.25,672.66726,673.182675,0.07662257859850641,0,1d,False,0.0117019834636063,1110438761.04,P,1.431418735278133
318,2025-10-23,2025-10-24,2025-10-24,672.4,662.28,672.6,673.25,672.66726,673.182675,0.07662257859850641,0,1d,False,0.0126658534014066,336200000.0,M,1.5280545992631522
14,2025-10-24,2025-10-27,2025-10-27,671.6534,666.21,678.83,681.27,678.897883,681.201873,0.3393720996475613,0,1d,False,0.0078535237898281,671653400.0,D,0.8170696927395261
327,2025-10-27,2025-10-28,2025-11-25,685.24,671.65,683.15,671.16,683.218315,671.092884,-1.774752042471217,28,1mo_stop,True,0.0176126407080697,892979414.12,P,2.0233752698578176
328,2025-10-27,2025-10-28,2025-11-25,685.2735,671.65,683.15,671.16,683.218315,671.092884,-1.774752042471217,28,1mo_stop,True,0.0176623897353649,548218800.0,D,2.0283629866746127
325,2025-10-27,2025-10-28,2025-11-25,685.24,671.65,683.15,671.16,683.218315,671.092884,-1.774752042471217,28,1mo_stop,True,0.0176126407080697,892979414.12,P,2.0233752698578176
326,2025-10-27,2025-10-28,2025-11-25,685.29,671.65,683.15,671.16,683.218315,671.092884,-1.774752042471217,28,1mo_stop,True,0.0176868929876146,342645000.0,M,2.030819623315713
324,2025-10-27,2025-10-28,2025-11-25,684.33,671.65,683.15,671.16,683.218315,671.092884,-1.774752042471217,28,1mo_stop,True,0.0162612492203511,342165000.0,D,1.8878880369240028
329,2025-10-28,2025-10-29,2025-11-26,686.05,679.58,684.79,675.75,684.858479,675.682425,-1.339846739343653,28,1mo_stop,True,0.0069276268474893,713492000.0,M,0.9520586244444971
330,2025-10-28,2025-10-29,2025-11-26,688.14,679.58,684.79,675.75,684.858479,675.682425,-1.339846739343653,28,1mo_stop,True,0.0099951565320768,688140000.0,M,1.2596015185850002
331,2025-10-28,2025-10-29,2025-11-26,687.06,679.58,684.79,675.75,684.858479,675.682425,-1.339846739343653,28,1mo_stop,True,0.0084100215754478,705534356.3399999,P,1.1006798316607174
332,2025-10-28,2025-10-29,2025-11-26,687.06,679.58,684.79,675.75,684.858479,675.682425,-1.339846739343653,28,1mo_stop,True,0.0084100215754478,705534356.3399999,P,1.1006798316607174
333,2025-10-29,2025-10-30,2025-11-28,689.075,681.38,680.0,679.78,680.068,679.7120219999999,-0.052344471435217255,29,1mo_stop,True,0.00868782387212,600873400.0,D,1.1293257800346428
334,2025-10-29,2025-10-30,2025-11-28,688.26,681.38,680.0,679.78,680.068,679.7120219999999,-0.052344471435217255,29,1mo_stop,True,0.0074948034077934,688260000.0,M,1.0097155772109536
335,2025-10-29,2025-10-30,2025-11-28,687.39,681.38,680.0,679.78,680.068,679.7120219999999,-0.052344471435217255,29,1mo_stop,True,0.0062212723599847,667174547.49,P,0.8820335202089863
336,2025-10-29,2025-10-30,2025-11-28,687.39,681.38,680.0,679.78,680.068,679.7120219999999,-0.052344471435217255,29,1mo_stop,True,0.0062212723599847,667174547.49,P,0.8820335202089863
339,2025-10-31,2025-11-03,2025-12-02,683.835,674.21,681.75,677.59,681.818175,677.522241,-0.6300703263007024,29,1mo_stop,True,0.0116650639840224,341917500.0,M,1.4275967428546001
337,2025-10-31,2025-11-03,2025-12-02,681.53,674.21,681.75,677.59,681.818175,677.522241,-0.6300703263007024,29,1mo_stop,True,0.008255048450329,374841500.0,M,1.0857151332670736
341,2025-10-31,2025-11-03,2025-12-02,681.8358,674.21,681.75,677.59,681.818175,677.522241,-0.6300703263007024,29,1mo_stop,True,0.0087074487757968,340917900.0,D,1.131071921211479
342,2025-10-31,2025-11-03,2025-12-02,682.06,674.21,681.75,677.59,681.818175,677.522241,-0.6300703263007024,29,1mo_stop,True,0.0090391301131739,1426438458.08,P,1.1643256552112708
343,2025-10-31,2025-11-03,2025-12-02,681.84,674.21,681.75,677.59,681.818175,677.522241,-0.6300703263007024,29,1mo_stop,True,0.0087136622531252,340920000.0,D,1.131694872517464
338,2025-10-31,2025-11-03,2025-12-02,684.39,674.21,681.75,677.59,681.818175,677.522241,-0.6300703263007024,29,1mo_stop,True,0.0124861306309637,376414500.0,M,1.509915308286728
340,2025-10-31,2025-11-03,2025-12-02,682.06,674.21,681.75,677.59,681.818175,677.522241,-0.6300703263007024,29,1mo_stop,True,0.0090391301131739,1426438458.08,P,1.1643256552112708
344,2025-11-03,2025-11-04,2025-12-03,683.34,676.42,672.25,679.91,672.317225,679.842009,1.1192311784068876,29,1mo_stop,True,0.0076234572452336,644566605.0600001,P,1.0230330268176684
345,2025-11-03,2025-11-04,2025-12-03,683.34,676.42,672.25,679.91,672.317225,679.842009,1.1192311784068876,29,1mo_stop,True,0.0076234572452336,644566605.0600001,P,1.0230330268176684
349,2025-11-05,2025-11-06,2025-12-05,680.38,669.66,672.61,681.74,672.677261,681.671826,1.3371293369763393,29,1mo,False,0.013405225058834,320799170.0,M,1.6008123525371125
351,2025-11-05,2025-11-06,2025-11-12,677.58,669.66,672.61,679.43,672.677261,679.3620569999999,0.9937597697389444,6,1w,False,0.0092347105960857,952722877.86,P,1.1826897231430984
350,2025-11-05,2025-11-06,2025-11-12,677.58,669.66,672.61,679.43,672.677261,679.3620569999999,0.9937597697389444,6,1w,False,0.0092347105960857,995847456.96,D,1.1826897231430984
354,2025-11-07,2025-11-10,2025-11-10,670.97,664.77,673.37,677.44,673.437337,677.3722560000001,0.5843036588273121,0,1d,False,0.0067368863281719,783206506.75,P,0.932653398919934
355,2025-11-07,2025-11-10,2025-11-10,670.97,664.77,673.37,677.44,673.437337,677.3722560000001,0.5843036588273121,0,1d,False,0.0067368863281719,783206506.75,P,0.932653398919934
356,2025-11-10,2025-11-11,2025-12-10,681.44,665.43,676.06,683.54,676.1276059999999,683.471646,1.0861914134001616,29,1mo,False,0.0214347813052733,983441260.64,P,2.4059630614790595
357,2025-11-10,2025-11-11,2025-12-10,681.44,665.43,676.06,683.54,676.1276059999999,683.471646,1.0861914134001616,29,1mo,False,0.0214347813052733,983441260.64,P,2.4059630614790595
358,2025-11-10,2025-11-11,2025-12-10,681.44,665.43,676.06,683.54,676.1276059999999,683.471646,1.0861914134001616,29,1mo,False,0.0214347813052733,309219754.56,D,2.4059630614790595
361,2025-11-11,2025-11-12,2025-12-11,683.0,675.81,680.9,685.21,680.96809,685.141479,0.6128611694565578,29,1mo,False,0.0080436868127814,1105513362.0,P,1.0639084949912039
359,2025-11-11,2025-11-12,2025-12-11,683.01,675.81,680.9,685.21,680.96809,685.141479,0.6128611694565578,29,1mo,False,0.0080584458711534,478107000.0,M,1.0653882008256828
362,2025-11-11,2025-11-12,2025-12-11,683.0,675.81,680.9,685.21,680.96809,685.141479,0.6128611694565578,29,1mo,False,0.0080436868127814,1105513362.0,P,1.0639084949912039
360,2025-11-11,2025-11-12,2025-12-11,683.175,675.81,680.9,685.21,680.96809,685.141479,0.6128611694565578,29,1mo,False,0.0083019703342926,683175000.0,D,1.089803347094599
363,2025-11-12,2025-11-13,2025-12-12,683.38,677.36,676.62,677.83,676.687662,677.7622170000001,0.15879630446107296,29,1mo,False,0.0063024591370931,948154214.24,P,0.8887445376166265
365,2025-11-12,2025-11-13,2025-12-12,683.38,677.36,676.62,677.83,676.687662,677.7622170000001,0.15879630446107296,29,1mo,False,0.0063024591370931,328022400.0,D,0.8887445376166265
364,2025-11-12,2025-11-13,2025-12-12,683.38,677.36,676.62,677.83,676.687662,677.7622170000001,0.15879630446107296,29,1mo,False,0.0063024591370931,948154214.24,P,0.8887445376166265
377,2025-11-14,2025-11-17,2025-12-01,671.93,666.49,665.88,676.39,665.946588,676.322361,1.5580488265824588,14,2w,False,0.0055821610296317,641541293.8199999,P,0.8162162973187805
373,2025-11-14,2025-11-17,2025-12-01,672.15,666.49,665.88,676.39,665.946588,676.322361,1.5580488265824588,14,2w,False,0.0059114037713258,1613160000.0,M,0.8492250446368239
374,2025-11-14,2025-11-17,2025-12-01,671.95,666.49,665.88,676.39,665.946588,676.322361,1.5580488265824588,14,2w,False,0.0056120921879676,335975000.0,M,0.8192170925295258
375,2025-11-14,2025-11-17,2025-12-01,671.89,666.49,665.88,676.39,665.946588,676.322361,1.5580488265824588,14,2w,False,0.0055222987129601,335945000.0,D,0.8102147068973244
376,2025-11-14,2025-11-17,2025-12-01,674.15,666.49,665.88,676.39,665.946588,676.322361,1.5580488265824588,14,2w,False,0.0089045196049086,337075000.0,M,1.1493045657099084
378,2025-11-14,2025-11-17,2025-12-01,671.6394,666.49,665.88,676.39,665.946588,676.322361,1.5580488265824588,14,2w,False,0.0051472612990122,805967280.0,D,0.7726147429068724
17,2025-11-19,2025-11-20,2025-11-20,662.63,654.63,669.07,648.8,669.1369070000001,648.7351199999999,-3.0489705150877455,0,1d,False,0.0085583900650857,602771318.95,P,1.2220643722408078
379,2025-11-20,2025-11-21,2025-11-28,675.1134,657.15,651.29,679.78,651.3551289999999,679.7120219999999,4.3535226388,7,1w,False,0.0246845260681489,379751287.5,D,2.7335311572700265
18,2025-11-21,2025-11-24,2025-11-24,654.6585,647.14,658.91,664.98,658.9758909999999,664.913502,0.9010361503498654,0,1d,False,0.0056525107081016,327329250.0,D,1.1618042463763663
388,2025-11-24,2025-11-25,2025-11-25,668.73,653.58,664.81,671.16,664.8764809999999,671.092884,0.9349711078139533,0,1d,False,0.0205411509759336,1224628530.75,P,2.3180023868539394
389,2025-11-24,2025-11-25,2025-11-25,668.73,653.58,664.81,671.16,664.8764809999999,671.092884,0.9349711078139533,0,1d,False,0.0205411509759336,1224628530.75,P,2.3180023868539394
390,2025-11-24,2025-11-25,2025-11-25,669.0272,653.58,664.81,671.16,664.8764809999999,671.092884,0.9349711078139533,0,1d,False,0.0209947044729653,953363760.0,D,2.363475014535321
387,2025-11-24,2025-11-25,2025-11-25,666.62,653.58,664.81,671.16,664.8764809999999,671.092884,0.9349711078139533,0,1d,False,0.017321104277626,499965000.0,M,1.9951650907310448
391,2025-11-25,2025-11-26,2025-11-26,674.04,663.2,673.73,675.75,673.797373,675.682425,0.2797654125018312,0,1d,False,0.0137311816636838,370722000.0,M,1.6344993968636787
392,2025-11-25,2025-11-26,2025-11-26,675.02,663.2,673.73,675.75,673.797373,675.682425,0.2797654125018312,0,1d,False,0.0152050653471898,633685825.3199999,P,1.7822677925211
393,2025-11-25,2025-11-26,2025-11-26,675.02,663.2,673.73,675.75,673.797373,675.682425,0.2797654125018312,0,1d,False,0.0152050653471898,633685825.3199999,P,1.7822677925211
394,2025-11-26,2025-11-28,2025-12-04,678.9,669.44,676.96,680.49,677.027696,680.421951,0.5013465505257608,6,1w,False,0.0115172013051835,339450000.0,M,1.4131214149139462
395,2025-11-26,2025-11-28,2025-12-04,679.68,669.44,676.96,680.49,677.027696,680.421951,0.5013465505257608,6,1w,False,0.0126793509841023,747810443.52,P,1.5296367112810552
396,2025-11-26,2025-11-28,2025-12-11,680.055,669.44,676.96,685.21,677.027696,685.141479,1.1984418138190955,13,2w,False,0.0132380767912749,340027500.0,M,1.5856536806883208
397,2025-11-26,2025-11-28,2025-12-04,679.68,669.44,676.96,680.49,677.027696,680.421951,0.5013465505257608,6,1w,False,0.0126793509841023,747810443.52,P,1.5296367112810552
19,2025-11-28,2025-12-01,2025-12-01,674.715,674.06,674.92,676.39,674.987492,676.322361,0.19776203497412492,0,1d,False,0.012072449338175,337357500.0,D,0.09717235854376265
398,2025-12-01,2025-12-02,2025-12-15,683.5256,677.74,678.03,676.81,678.097803,676.742319,-0.1998950585008874,13,2w,False,0.0059391602525424,828706437.44,D,0.8536606958420699
401,2025-12-02,2025-12-03,2025-12-05,681.5791,674.65,676.68,681.74,676.747668,681.671826,0.7276209779270459,2,3d,False,0.0076717574180577,937171262.5,D,1.02706588601498
399,2025-12-02,2025-12-03,2025-12-05,679.9117,674.65,676.68,681.74,676.747668,681.671826,0.7276209779270459,2,3d,False,0.0052066115702479,400910613.8167,D,0.7799155117468345
400,2025-12-02,2025-12-03,2025-12-05,681.53,674.65,676.68,681.74,676.747668,681.671826,0.7276209779270459,2,3d,False,0.007599166161534,724516141.6899999,P,1.0197880382420508
402,2025-12-03,2025-12-04,2025-12-17,683.34,675.9,681.39,667.47,681.458139,667.4032530000001,-2.0624723949477786,13,2w,False,0.0084115459536037,922509000.0,D,1.1007545494895776
403,2025-12-03,2025-12-04,2026-01-05,683.89,675.9,681.39,685.82,681.458139,685.7514180000001,0.6300136067492357,32,1mo,False,0.0092231863526356,1024519879.53,P,1.1821275336588266
404,2025-12-03,2025-12-04,2026-01-05,683.89,675.9,681.39,685.82,681.458139,685.7514180000001,0.6300136067492357,32,1mo,False,0.0092231863526356,1024519879.53,P,1.1821275336588266
405,2025-12-04,2025-12-05,2026-01-06,683.6713,678.24,681.54,689.88,681.6081539999999,689.811012,1.203456553719584,32,1mo,False,0.0054137560846482,664186667.9499999,D,0.8007932295352624
406,2025-12-04,2025-12-05,2026-01-06,684.075,678.24,681.54,689.88,681.6081539999999,689.811012,1.203456553719584,32,1mo,False,0.0060074412859013,684075000.0,M,0.8603149327671674
407,2025-12-04,2025-12-05,2026-01-06,685.34,678.24,681.54,689.88,681.6081539999999,689.811012,1.203456553719584,32,1mo,False,0.0078677627612171,428337500.0,D,1.0468270818589323
408,2025-12-04,2025-12-05,2025-12-11,683.47,678.24,681.54,685.21,681.6081539999999,685.141479,0.5183806824001325,6,1w,False,0.0051177223194459,307561500.0,M,0.7711134701580589
409,2025-12-04,2025-12-05,2026-01-06,683.775,678.24,681.54,689.88,681.6081539999999,689.811012,1.203456553719584,32,1mo,False,0.0055662583273282,341887500.0,M,0.816082802547766
410,2025-12-04,2025-12-05,2026-01-06,684.39,678.24,681.54,689.88,681.6081539999999,689.811012,1.203456553719584,32,1mo,False,0.0064706833924027,505177687.77,P,0.9067586694975196
411,2025-12-04,2025-12-05,2026-01-06,684.4084,678.24,681.54,689.88,681.6081539999999,689.811012,1.203456553719584,32,1mo,False,0.0064977426138619,513306300.0,D,0.9094715734843153
414,2025-12-05,2025-12-08,2026-01-07,685.8429,678.73,682.68,687.68,682.7482679999999,687.611232,0.7122631030973325,30,1mo,False,0.0078810545497295,500053545.1332,D,1.047971947608028
415,2025-12-05,2025-12-08,2026-01-07,685.8309,678.73,682.68,687.68,682.7482679999999,687.611232,0.7122631030973325,30,1mo,False,0.0078634199388667,969435693.768,D,1.0462039397109344
416,2025-12-05,2025-12-08,2026-01-07,684.5059,678.73,682.68,687.68,682.7482679999999,687.611232,0.7122631030973325,30,1mo,False,0.0059162649894192,307685402.05,D,0.8509864010725883
413,2025-12-05,2025-12-08,2026-01-07,685.69,678.73,682.68,687.68,682.7482679999999,687.611232,0.7122631030973325,30,1mo,False,0.0076563602163179,912349629.33,P,1.0254445803191308
412,2025-12-05,2025-12-08,2026-01-07,685.9775,678.73,682.68,687.68,682.7482679999999,687.611232,0.7122631030973325,30,1mo,False,0.0080788561015752,411586500.0,M,1.0678031028538513
418,2025-12-10,2025-12-11,2026-01-12,687.57,677.4,681.2,693.23,681.2681200000001,693.1606770000001,1.7456500092797533,32,1mo,False,0.0124127573107165,1129885156.14,P,1.5013286093888505
417,2025-12-10,2025-12-11,2026-01-12,688.42,677.4,681.2,693.23,681.2681200000001,693.1606770000001,1.7456500092797533,32,1mo,False,0.0136643401949524,688420000.0,D,1.6268083850014734
419,2025-12-10,2025-12-11,2026-01-12,687.57,677.4,681.2,693.23,681.2681200000001,693.1606770000001,1.7456500092797533,32,1mo,False,0.0124127573107165,1129885156.14,P,1.5013286093888505
420,2025-12-10,2025-12-11,2026-01-12,687.5278,677.4,681.2,693.23,681.2681200000001,693.1606770000001,1.7456500092797533,32,1mo,False,0.0123506199016402,476217505.7256,D,1.4950989075878327
421,2025-12-11,2025-12-12,2026-01-13,689.17,681.89,684.24,691.83,684.308424,691.7608170000001,1.0890400788051924,32,1mo,False,0.0080890527178046,883627585.54,P,1.0676208772675906
422,2025-12-11,2025-12-12,2026-01-13,688.9628,681.89,684.24,691.83,684.308424,691.7608170000001,1.0890400788051924,32,1mo,False,0.007785969223568,1260130874.2328,D,1.0372347446069057
423,2025-12-11,2025-12-12,2026-01-13,688.9675,681.89,684.24,691.83,684.308424,691.7608170000001,1.0890400788051924,32,1mo,False,0.0077928441869989,644676535.295,D,1.0379240053381023
24,2025-12-12,2025-12-15,2026-01-14,688.9979,683.47,681.81,688.53,681.8781809999999,688.461147,0.9654167244867562,30,1mo,False,0.0073657816246562,346087090.1595,D,0.8087992157665927
23,2025-12-12,2025-12-15,2026-01-14,688.9979,683.47,681.81,688.53,681.8781809999999,688.461147,0.9654167244867562,30,1mo,False,0.0052494901151867,346087090.1595,D,0.8087992157665927
25,2025-12-16,2025-12-17,2025-12-23,680.72,675.1,676.01,686.0,676.077601,685.9314,1.4574952617014914,6,1w,False,0.0061338811948504,341860306.88,D,0.8324692638127691
26,2025-12-17,2025-12-18,2025-12-22,679.1137,673.26,673.73,682.89,673.797373,682.821711,1.3393251979924248,4,3d,False,0.0099696613673205,674194879.4708999,D,0.8694560793749819
28,2025-12-18,2025-12-19,2025-12-19,671.2689,665.85,674.73,678.7,674.797473,678.6321300000001,0.5682678364149929,0,1d,False,0.009723394211194,337046128.4967,D,0.8138319441315622
27,2025-12-18,2025-12-19,2025-12-19,671.2689,665.85,674.73,678.7,674.797473,678.6321300000001,0.5682678364149929,0,1d,False,0.0110510187545117,337046128.4967,D,0.8138319441315622
29,2025-12-19,2025-12-22,2025-12-22,676.7671,670.88,682.04,682.89,682.108204,682.821711,0.10460319870306822,0,1d,False,0.0054709106673132,1484827017.4,D,0.8775190794180826
31,2025-12-22,2025-12-23,2025-12-23,680.5868,676.96,682.04,686.0,682.108204,685.9314,0.5604969970424367,0,1d,False,0.0061669660197717,401266490.8252,D,0.5357480501063583
30,2025-12-22,2025-12-23,2025-12-23,680.5868,676.96,682.04,686.0,682.108204,685.9314,0.5604969970424367,0,1d,False,0.0061742222352022,401305964.8596,D,0.5357480501063583
424,2025-12-23,2025-12-24,2025-12-24,686.88,681.18,686.04,687.96,686.1086039999999,687.891204,0.25981309512919104,0,1d,False,0.0057839017175992,334854000.0,M,0.8367832291024467
428,2025-12-23,2025-12-24,2025-12-29,687.825,681.18,686.04,685.93,686.1086039999999,685.861407,-0.0360288442031953,5,3d,False,0.0071676452930755,343912500.0,M,0.9755130802431216
427,2025-12-23,2025-12-24,2025-12-29,687.825,681.18,686.04,685.93,686.1086039999999,685.861407,-0.0360288442031953,5,3d,False,0.0071676452930755,343912500.0,M,0.9755130802431216
431,2025-12-23,2025-12-24,2026-01-08,688.086,681.18,686.04,687.53,686.1086039999999,687.461247,0.19714706857110187,15,2w,False,0.0075498220901118,301991312.196,D,1.0138289438914916
430,2025-12-23,2025-12-24,2025-12-29,687.96,681.18,686.04,685.93,686.1086039999999,685.861407,-0.0360288442031953,5,3d,False,0.007365322946715,998381999.16,P,0.9953316304060729
429,2025-12-23,2025-12-24,2025-12-29,687.96,681.18,686.04,685.93,686.1086039999999,685.861407,-0.0360288442031953,5,3d,False,0.007365322946715,998381999.16,P,0.9953316304060729
425,2025-12-23,2025-12-24,2025-12-24,687.06,681.18,686.04,687.96,686.1086039999999,687.891204,0.25981309512919104,0,1d,False,0.0060474719224517,370668870.0,M,0.8632079626530426
426,2025-12-23,2025-12-24,2025-12-24,687.0,681.18,686.04,687.96,686.1086039999999,687.891204,0.25981309512919104,0,1d,False,0.0059596151875009,1167900000.0,M,0.854399718136183
438,2025-12-24,2025-12-26,2026-01-09,690.38,684.29,688.73,692.07,688.798873,692.000793,0.46485558056366116,14,2w,False,0.0063114933313899,746692225.46,P,0.88997354922621
437,2025-12-24,2025-12-26,2026-01-09,690.38,684.29,688.73,692.07,688.798873,692.000793,0.46485558056366116,14,2w,False,0.0063114933313899,746692225.46,P,0.88997354922621
435,2025-12-24,2025-12-26,2026-01-09,690.55,684.29,688.73,692.07,688.798873,692.000793,0.46485558056366116,14,2w,False,0.0065592886815829,345275000.0,M,0.9148168174312047
434,2025-12-24,2025-12-26,2026-01-09,690.46,684.29,688.73,692.07,688.798873,692.000793,0.46485558056366116,14,2w,False,0.0064281029079514,690460000.0,D,0.9016644989697457
433,2025-12-24,2025-12-26,2026-01-09,690.42,684.29,688.73,692.07,688.798873,692.000793,0.46485558056366116,14,2w,False,0.0063697981196705,517815000.0,D,0.8958190240979695
432,2025-12-24,2025-12-26,2026-01-09,690.65,684.29,688.73,692.07,688.798873,692.000793,0.46485558056366116,14,2w,False,0.0067050506522848,904751500.0,D,0.9294305046106203
436,2025-12-24,2025-12-26,2026-01-09,690.38,684.29,688.73,692.07,688.798873,692.000793,0.46485558056366116,14,2w,False,0.0063114933313899,746692225.46,P,0.88997354922621
440,2026-01-02,2026-01-05,2026-01-05,683.52,678.28,684.64,685.82,684.7084639999999,685.7514180000001,0.15232088616332629,0,1d,False,0.0051321265238298,617491968.0,M,0.7725423129091245
439,2026-01-02,2026-01-05,2026-01-05,684.1727,678.28,684.64,685.82,684.7084639999999,685.7514180000001,0.15232088616332629,0,1d,False,0.0060919371204211,369416312.6742,M,0.8687710090228211
443,2026-01-05,2026-01-06,2026-01-06,688.3474,679.53,686.02,689.88,686.0886019999999,689.811012,0.542555289382296,0,1d,False,0.0103737083137623,727927375.5,D,1.2975733227377777
445,2026-01-05,2026-01-06,2026-01-06,687.72,679.53,686.02,689.88,686.0886019999999,689.811012,0.542555289382296,0,1d,False,0.0094527947393143,757094442.72,P,1.2052448015540234
444,2026-01-05,2026-01-06,2026-01-06,687.72,679.53,686.02,689.88,686.0886019999999,689.811012,0.542555289382296,0,1d,False,0.0094527947393143,757094442.72,P,1.2052448015540234
442,2026-01-05,2026-01-06,2026-01-06,688.21,679.53,686.02,689.88,686.0886019999999,689.811012,0.542555289382296,0,1d,False,0.0101720291216534,467982800.0,M,1.2773534648948632
441,2026-01-05,2026-01-06,2026-01-06,686.81,679.53,686.02,689.88,686.0886019999999,689.811012,0.542555289382296,0,1d,False,0.0081170737435415,314215575.0,D,1.0713287124924542
448,2026-01-06,2026-01-07,2026-01-13,691.81,684.05,690.28,691.83,690.349028,691.7608170000001,0.20450365579425256,6,1w,False,0.0087487788162902,797401652.1099999,P,1.1344199985381174
449,2026-01-06,2026-01-07,2026-01-13,691.96,684.05,690.28,691.83,690.349028,691.7608170000001,0.20450365579425256,6,1w,False,0.0089674982866976,345980000.0,M,1.1563482201593571
450,2026-01-06,2026-01-07,2026-01-13,691.81,684.05,690.28,691.83,690.349028,691.7608170000001,0.20450365579425256,6,1w,False,0.0087487788162902,797401652.1099999,P,1.1344199985381174
446,2026-01-06,2026-01-07,2026-01-07,689.5415,684.05,690.28,687.68,690.349028,687.611232,-0.3965814231580267,0,1d,False,0.0054410113588313,655064425.0,D,0.8027921935531156
447,2026-01-06,2026-01-07,2026-02-05,693.26,684.05,690.28,675.57,690.349028,675.5024430000001,-2.1505911354741447,29,1mo,False,0.010863067030227,346630000.0,D,1.3463928075433138
32,2026-01-09,2026-01-12,2026-01-12,689.6022,685.83,688.77,693.23,688.838877,693.1606770000001,0.6274036127029037,0,1d,False,0.0061650429469071,921032698.32,D,0.5500196841782946
33,2026-01-14,2026-01-15,2026-01-29,693.8932,690.07,692.65,692.05,692.719265,691.980795,-0.10660451315729347,14,2w,False,0.0080821698894424,346946600.0,D,0.5540307505035618
451,2026-01-15,2026-01-16,2026-01-30,692.24,686.68,691.75,689.93,691.819175,689.861007,-0.2830462165203773,14,2w,False,0.0055051201975451,560445810.88,P,0.8096930156696073
452,2026-01-15,2026-01-16,2026-01-30,691.905,686.68,691.75,689.93,691.819175,689.861007,-0.2830462165203773,14,2w,False,0.0050185198634612,691905000.0,M,0.7609075551931064
453,2026-01-15,2026-01-16,2026-01-30,692.24,686.68,691.75,689.93,691.819175,689.861007,-0.2830462165203773,14,2w,False,0.0055051201975451,560445810.88,P,0.8096930156696073
454,2026-01-15,2026-01-16,2026-01-30,691.9923,686.68,691.75,689.93,691.819175,689.861007,-0.2830462165203773,14,2w,False,0.0051453264579852,345996150.0,D,0.773620900565045
463,2026-01-21,2026-01-22,2026-01-22,686.57,673.97,687.94,687.02,688.0087940000001,686.951298,-0.15370384931447933,0,1d,False,0.0160870208672487,686570000.0,M,1.8695194148107515
464,2026-01-21,2026-01-22,2026-01-22,685.4,673.97,687.94,687.02,688.0087940000001,686.951298,-0.15370384931447933,0,1d,False,0.0143554832026046,1354691043.8,P,1.695921183435457
466,2026-01-21,2026-01-22,2026-01-22,685.4,673.97,687.94,687.02,688.0087940000001,686.951298,-0.15370384931447933,0,1d,False,0.0143554832026046,1354691043.8,P,1.695921183435457
465,2026-01-21,2026-01-22,2026-01-22,685.2119,673.97,687.94,687.02,688.0087940000001,686.951298,-0.15370384931447933,0,1d,False,0.0140771052242118,479648330.0,D,1.6680119293143594
467,2026-01-22,2026-01-23,2026-01-27,689.54,681.75,686.24,693.61,686.308624,693.540639,1.0537555185959668,4,3d,False,0.0088368690563276,344770000.0,M,1.1426475980931372
468,2026-01-22,2026-01-23,2026-01-27,689.01,681.75,686.24,693.61,686.308624,693.540639,1.0537555185959668,4,3d,False,0.0080614484272128,344505000.0,M,1.0649064906490635
469,2026-01-22,2026-01-23,2026-01-27,689.01,681.75,686.24,693.61,686.308624,693.540639,1.0537555185959668,4,3d,False,0.0080614484272128,344505000.0,D,1.0649064906490635
470,2026-01-22,2026-01-23,2026-01-27,688.98,681.75,686.24,693.61,686.308624,693.540639,1.0537555185959668,4,3d,False,0.0080175566934894,1188174258.18,P,1.0605060506050632
471,2026-01-22,2026-01-23,2026-01-27,688.98,681.75,686.24,693.61,686.308624,693.540639,1.0537555185959668,4,3d,False,0.0080175566934894,1188174258.18,P,1.0605060506050632
472,2026-01-26,2026-01-27,2026-01-27,692.71,685.55,692.26,693.61,692.329226,693.540639,0.17497643527186746,0,1d,False,0.0078420531921084,346355000.0,M,1.044416891546945
473,2026-01-26,2026-01-27,2026-01-27,692.73,685.55,692.26,693.61,692.329226,693.540639,0.17497643527186746,0,1d,False,0.0078711517197229,533597449.86,P,1.0473342571657887
475,2026-01-26,2026-01-27,2026-01-27,692.73,685.55,692.26,693.61,692.329226,693.540639,0.17497643527186746,0,1d,False,0.0078711517197229,533597449.86,P,1.0473342571657887
476,2026-01-26,2026-01-27,2026-01-27,692.7012,685.55,692.26,693.61,692.329226,693.540639,0.17497643527186746,0,1d,False,0.0078292498399579,591120032.526,D,1.0431332506746434
474,2026-01-26,2026-01-27,2026-01-27,692.7024,685.55,692.26,693.61,692.329226,693.540639,0.17497643527186746,0,1d,False,0.0078309957516149,484891680.0,D,1.04330829261178
481,2026-01-27,2026-01-28,2026-02-26,695.49,689.04,695.13,687.41,695.199513,687.3412589999999,-1.1303595375217301,29,1mo_stop,True,0.006774655838798,1411738985.52,P,0.9360849878091324
480,2026-01-27,2026-01-28,2026-02-26,695.49,689.04,695.13,687.41,695.199513,687.3412589999999,-1.1303595375217301,29,1mo_stop,True,0.006774655838798,1411738985.52,P,0.9360849878091324
479,2026-01-27,2026-01-28,2026-02-26,695.01,689.04,695.13,687.41,695.199513,687.3412589999999,-1.1303595375217301,29,1mo_stop,True,0.006079819342511,347505000.0,D,0.8664228491814739
477,2026-01-27,2026-01-28,2026-02-26,695.46,689.04,695.13,687.41,695.199513,687.3412589999999,-1.1303595375217301,29,1mo_stop,True,0.0067312285577801,347730000.0,D,0.9317311041449079
478,2026-01-27,2026-01-28,2026-02-26,695.48,689.04,695.13,687.41,695.199513,687.3412589999999,-1.1303595375217301,29,1mo_stop,True,0.0067601800784587,347740000.0,D,0.9346336932543908
34,2026-01-30,2026-02-02,2026-03-03,694.6235,690.34,687.67,678.39,687.7387669999999,678.3221609999999,-1.3692126213963984,29,1mo_stop,True,0.0058260932522444,999999440.058,D,0.6204913520873777
35,2026-02-12,2026-02-13,2026-03-16,692.1181,688.27,679.79,667.11,679.857979,667.0432890000001,-1.884906906417283,31,1mo_stop,True,0.0165799098159599,348972867.20100003,D,0.5590974472227535
483,2026-02-18,2026-02-19,2026-02-23,686.29,679.21,681.97,680.52,682.038197,680.451948,-0.2325748040178932,4,3d,False,0.0078271851503758,561997390.68,P,1.0423874795718446
482,2026-02-18,2026-02-19,2026-02-23,686.29,679.21,681.97,680.52,682.038197,680.451948,-0.2325748040178932,4,3d,False,0.0078271851503758,561997390.68,P,1.0423874795718446
36,2026-02-20,2026-02-23,2026-02-23,682.3857,680.83,685.91,680.52,685.9785909999999,680.451948,-0.8056582337275797,0,1d,False,0.0066408267530156,682385700.0,D,0.22850050673442732
492,2026-02-24,2026-02-25,2026-02-25,687.35,678.75,688.28,691.16,688.3488279999999,691.090884,0.398352679406333,0,1d,False,0.0100661278471712,1093797238.75,P,1.2670349907919003
491,2026-02-24,2026-02-25,2026-02-25,687.3727,678.75,688.28,691.16,688.3488279999999,691.090884,0.398352679406333,0,1d,False,0.0100994856722997,481160890.0,D,1.2703793738489884
490,2026-02-24,2026-02-25,2026-02-25,687.35,678.75,688.28,691.16,688.3488279999999,691.090884,0.398352679406333,0,1d,False,0.0100661278471712,1093797238.75,P,1.2670349907919003
494,2026-02-25,2026-02-26,2026-03-26,693.15,683.68,691.36,645.095,691.429136,645.0304905,-6.710542423540556,28,1mo_stop,True,0.0112334962433436,589451987.4,P,1.385150947811846
495,2026-02-25,2026-02-26,2026-03-26,693.15,683.68,691.36,645.095,691.429136,645.0304905,-6.710542423540556,28,1mo_stop,True,0.0112334962433436,589451987.4,P,1.385150947811846
493,2026-02-25,2026-02-26,2026-03-26,693.14,683.68,691.36,645.095,691.429136,645.0304905,-6.710542423540556,28,1mo_stop,True,0.0112189072871835,519855000.0,D,1.383688275216481
500,2026-03-04,2026-03-05,2026-04-02,685.4955,676.7,680.18,655.88,680.2480179999999,655.814412,-3.5918672827356835,28,1mo_stop,True,0.010384700420075,685495500.0,D,1.2997635584453888
501,2026-03-04,2026-03-05,2026-04-02,685.4946,676.7,680.18,655.88,680.2480179999999,655.814412,-3.5918672827356835,28,1mo_stop,True,0.0103833738669024,1035096846.0,D,1.2996305600709244
499,2026-03-04,2026-03-05,2026-04-02,685.13,676.7,680.18,655.88,680.2480179999999,655.814412,-3.5918672827356835,28,1mo_stop,True,0.0098459724371728,596470067.22,P,1.2457514408157158
505,2026-03-09,2026-03-10,2026-03-10,678.27,668.79,675.83,675.19,675.897583,675.1224810000001,-0.11467743331166069,0,1d,False,0.0115581936407564,680011119.09,P,1.4174853092899145
506,2026-03-09,2026-03-10,2026-03-10,678.27,668.79,675.83,675.19,675.897583,675.1224810000001,-0.11467743331166069,0,1d,False,0.0115581936407564,680011119.09,P,1.4174853092899145
37,2026-03-16,2026-03-17,2026-03-17,662.3037,658.76,670.49,668.87,670.557049,668.803113,-0.2615640239134853,0,1d,False,0.0091800311172281,999999772.8597,D,0.5379349080089955
513,2026-03-17,2026-03-18,2026-04-16,670.6631,665.46,666.48,701.55,666.546648,701.479845,5.240923062897163,29,1mo,False,0.0052206301148116,753653634.6464,D,0.781880203167726
514,2026-03-17,2026-03-18,2026-04-16,670.6831,665.46,666.48,701.55,666.546648,701.479845,5.240923062897163,29,1mo,False,0.0052506070325849,2967629861.9997,D,0.7848856430138447
512,2026-03-17,2026-03-18,2026-04-16,670.79,665.46,666.48,701.55,666.546648,701.479845,5.240923062897163,29,1mo,False,0.0054108336580832,826956619.9,P,0.8009497189913635
515,2026-03-17,2026-03-18,2026-04-16,670.68,665.46,666.48,701.55,666.546648,701.479845,5.240923062897163,29,1mo,False,0.00524596061033,501258854.52,D,0.7844197998376932
516,2026-03-17,2026-03-18,2026-04-16,670.6831,665.46,666.48,701.55,666.546648,701.479845,5.240923062897163,29,1mo,False,0.0052506070325849,2158973834.6677,D,0.7848856430138447
511,2026-03-17,2026-03-18,2026-04-16,670.85,665.46,666.48,701.55,666.546648,701.479845,5.240923062897163,29,1mo,False,0.0055007644114033,402510000.0,M,0.8099660385297367
39,2026-03-20,2026-03-23,2026-03-23,656.8393,656.28,658.04,655.375,658.1058039999999,655.3094625,-0.4249075882637121,0,1d,False,0.0072368582469483,633061717.34,D,0.08522277076857553
38,2026-03-20,2026-03-23,2026-03-23,656.8393,656.28,658.04,655.375,658.1058039999999,655.3094625,-0.4249075882637121,0,1d,False,0.0070592654488029,656839300.0,D,0.08522277076857553
41,2026-03-23,2026-03-24,2026-03-24,648.0975,646.9,651.32,653.2,651.385132,653.13468,0.26858887531377995,0,1d,False,0.0144802469511268,328888094.0325,D,0.18511361879733976
522,2026-03-25,2026-03-26,2026-04-09,658.0,651.5,652.05,679.87,652.115205,679.802013,4.245692753015939,14,2w,False,0.0073792828929239,329000000.0,M,0.9976976208749041
523,2026-03-25,2026-03-26,2026-04-09,657.14,651.5,652.05,679.87,652.115205,679.802013,4.245692753015939,14,2w,False,0.0060626473560121,328570000.0,M,0.8656945510360685
524,2026-03-25,2026-03-26,2026-04-01,656.82,651.5,652.05,655.17,652.115205,655.104483,0.45839722445975006,6,1w,False,0.0055727364585567,698363865.0,P,0.8165771297006984
525,2026-03-25,2026-03-26,2026-04-01,656.82,651.5,652.05,655.17,652.115205,655.104483,0.45839722445975006,6,1w,False,0.0055727364585567,698363865.0,P,0.8165771297006984
539,2026-03-31,2026-04-01,2026-04-01,650.4105,630.35,653.88,655.17,653.945388,655.104483,0.1772464522679762,0,1d,False,0.0291793914268081,1300821000.0,D,3.1824383279130535
533,2026-03-31,2026-04-01,2026-04-01,638.4,630.35,653.88,655.17,653.945388,655.104483,0.1772464522679762,0,1d,False,0.0101745336012784,1117200000.0,D,1.277068295391442
534,2026-03-31,2026-04-01,2026-04-01,647.85,630.35,653.88,655.17,653.945388,655.104483,0.1772464522679762,0,1d,False,0.0251277750526132,323925000.0,D,2.7762354247640197
535,2026-03-31,2026-04-01,2026-04-01,649.09,630.35,653.88,655.17,653.945388,655.104483,0.1772464522679762,0,1d,False,0.0270898935076032,324545000.0,M,2.9729515348615863
536,2026-03-31,2026-04-01,2026-04-01,650.35,630.35,653.88,655.17,653.945388,655.104483,0.1772464522679762,0,1d,False,0.0290836590344478,325175000.0,M,3.1728404854445937
537,2026-03-31,2026-04-01,2026-04-01,650.34,630.35,653.88,655.17,653.945388,655.104483,0.1772464522679762,0,1d,False,0.0290678354985205,2458586307.42,P,3.1712540652018735
538,2026-03-31,2026-04-01,2026-04-01,650.34,630.35,653.88,655.17,653.945388,655.104483,0.1772464522679762,0,1d,False,0.0290678354985205,2458586307.42,P,3.1712540652018735
542,2026-04-01,2026-04-02,2026-04-07,657.69,648.67,646.42,659.27,646.484642,659.204073,1.9674761276076813,5,3d,False,0.0113017806070671,564298020.0,D,1.3905375614719497
543,2026-04-01,2026-04-02,2026-04-02,654.63,648.67,646.42,655.88,646.484642,655.814412,1.443154159259974,0,1d,False,0.006596549497186,490972500.0,M,0.918803089398313
541,2026-04-01,2026-04-02,2026-04-07,656.74,648.67,646.42,659.27,646.484642,659.204073,1.9674761276076813,5,3d,False,0.0098410062428882,328370000.0,M,1.2440840489000649
547,2026-04-01,2026-04-02,2026-04-02,655.24,648.67,646.42,655.88,646.484642,655.814412,1.443154159259974,0,1d,False,0.0075345204047113,1243177023.4,P,1.0128416606286788
544,2026-04-01,2026-04-02,2026-04-02,656.14,648.67,646.42,655.88,646.484642,655.814412,1.443154159259974,0,1d,False,0.0089184119076174,590526000.0,M,1.151587093591507
546,2026-04-01,2026-04-02,2026-04-02,655.255,648.67,646.42,655.88,646.484642,655.814412,1.443154159259974,0,1d,False,0.007557585263093,327627500.0,M,1.0151540845113904
540,2026-04-01,2026-04-02,2026-04-02,653.74,648.67,646.42,655.88,646.484642,655.814412,1.443154159259974,0,1d,False,0.0052280345665343,578091168.42,P,0.7815992723572927
545,2026-04-01,2026-04-02,2026-04-02,655.24,648.67,646.42,655.88,646.484642,655.814412,1.443154159259974,0,1d,False,0.0075345204047113,1243177023.4,P,1.0128416606286788
43,2026-04-07,2026-04-08,2026-04-08,659.22,657.24,676.39,675.87,676.457639,675.802413,-0.09686134980582128,0,1d,False,0.0082420826886173,678872007.4200001,P,0.30125981376666333
44,2026-04-08,2026-04-09,2026-04-09,659.3078,657.53,674.84,679.87,674.9074840000001,679.802013,0.7252148058858765,0,1d,False,0.0217259440611321,659307800.0,D,0.27037549617509016
548,2026-04-09,2026-04-10,2026-04-10,679.48,674.27,681.3,679.31,681.36813,679.2420689999999,-0.3120282423541121,0,1d,False,0.0051330601618319,561929960.0,M,0.7726874990730771
549,2026-04-09,2026-04-10,2026-04-10,679.91,674.27,681.3,679.31,681.36813,679.2420689999999,-0.3120282423541121,0,1d,False,0.0057691454268427,639504988.43,P,0.8364601717412885
550,2026-04-09,2026-04-10,2026-04-10,679.91,674.27,681.3,679.31,681.36813,679.2420689999999,-0.3120282423541121,0,1d,False,0.0057691454268427,639504988.43,P,0.8364601717412885
551,2026-04-13,2026-04-14,2026-04-14,686.1,677.71,687.69,694.4,687.758769,694.33056,0.9555372168580822,0,1d,False,0.0097724663703529,1101535608.3,P,1.2379926517241866
552,2026-04-13,2026-04-14,2026-04-14,686.1,677.71,687.69,694.4,687.758769,694.33056,0.9555372168580822,0,1d,False,0.0097724663703529,1101535608.3,P,1.2379926517241866
557,2026-04-14,2026-04-15,2026-04-15,694.3516,684.34,695.26,699.84,695.329526,699.770016,0.6386166319650943,0,1d,False,0.0120268182480687,1388703200.0,D,1.4629570096735438
556,2026-04-14,2026-04-15,2026-04-15,694.46,684.34,695.26,699.84,695.329526,699.770016,0.6386166319650943,0,1d,False,0.0121848127095175,764989357.6,P,1.4787970891662046
555,2026-04-14,2026-04-15,2026-04-15,694.46,684.34,695.26,699.84,695.329526,699.770016,0.6386166319650943,0,1d,False,0.0121848127095175,764989357.6,P,1.4787970891662046
554,2026-04-14,2026-04-15,2026-04-15,692.51,684.34,695.26,699.84,695.329526,699.770016,0.6386166319650943,0,1d,False,0.009342661419618,623259000.0,D,1.1938510097319985
553,2026-04-14,2026-04-15,2026-04-15,693.995,684.34,695.26,699.84,695.329526,699.770016,0.6386166319650943,0,1d,False,0.0115070689403876,693995000.0,D,1.410848408685737
558,2026-04-15,2026-04-16,2026-04-16,699.94,692.68,701.06,701.55,701.130106,701.479845,0.04988218263730637,0,1d,False,0.0078910232410794,793163608.72,P,1.0481030201536214
559,2026-04-15,2026-04-16,2026-04-16,699.934,692.68,701.06,701.55,701.130106,701.479845,0.04988218263730637,0,1d,False,0.0078823834346109,419960400.0,D,1.0472368193105068
560,2026-04-15,2026-04-16,2026-04-16,699.94,692.68,701.06,701.55,701.130106,701.479845,0.04988218263730637,0,1d,False,0.0078910232410794,793163608.72,P,1.0481030201536214
561,2026-04-15,2026-04-16,2026-04-16,699.927,692.68,701.06,701.55,701.130106,701.479845,0.04988218263730637,0,1d,False,0.0078723036603979,302458754.583,D,1.0462262516602285
566,2026-04-17,2026-04-20,2026-04-24,710.14,699.86,708.79,713.98,708.860879,713.908602,0.7120893745922174,4,1w,False,0.012085625516632,1877578203.7,P,1.468865201611747
565,2026-04-17,2026-04-20,2026-04-24,710.1972,699.86,708.79,713.98,708.860879,713.908602,0.7120893745922174,4,1w,False,0.0121671464812017,355098600.0,D,1.4770382647958074
564,2026-04-17,2026-04-20,2026-04-24,710.14,699.86,708.79,713.98,708.860879,713.908602,0.7120893745922174,4,1w,False,0.012085625516632,1877578203.7,P,1.468865201611747
563,2026-04-17,2026-04-20,2026-04-24,709.7,699.86,708.79,713.98,708.860879,713.908602,0.7120893745922174,4,1w,False,0.0114585411737879,314585170.5,M,1.4059954848112524
562,2026-04-17,2026-04-20,2026-04-20,706.184,699.86,708.79,708.69,708.860879,708.619131,-0.03410372996475175,0,1d,False,0.0064475671977881,706184000.0,D,0.9036092932872225
570,2026-04-22,2026-04-23,2026-04-27,711.21,702.27,709.5,715.15,709.57095,715.078485,0.7761781961338698,4,3d,False,0.0101266901488467,774048248.34,P,1.273014652484095
571,2026-04-22,2026-04-23,2026-04-27,711.3996,702.27,709.5,715.15,709.57095,715.078485,0.7761781961338698,4,3d,False,0.0103959777298033,711399600.0,D,1.3000128155837474
572,2026-04-22,2026-04-23,2026-04-27,711.21,702.27,709.5,715.15,709.57095,715.078485,0.7761781961338698,4,3d,False,0.0101266901488467,774048248.34,P,1.273014652484095
576,2026-04-24,2026-04-27,2026-05-01,714.142,706.63,713.17,720.67,713.241317,720.597933,1.0314343581416585,4,1w,False,0.0080344413861246,428485200.00000006,D,1.0630740274259594
577,2026-04-24,2026-04-27,2026-05-01,713.94,706.63,713.17,720.67,713.241317,720.597933,1.0314343581416585,4,1w,False,0.0077493118780436,927360939.96,P,1.0344876385095536
574,2026-04-24,2026-04-27,2026-04-27,713.34,706.63,713.17,715.15,713.241317,715.078485,0.25758014240220284,0,1d,False,0.0069023925471098,356670000.0,M,0.9495775724212157
575,2026-04-24,2026-04-27,2026-05-01,713.94,706.63,713.17,720.67,713.241317,720.597933,1.0314343581416585,4,1w,False,0.0077493118780436,927360939.96,P,1.0344876385095536
580,2026-04-30,2026-05-01,2026-05-01,718.8,709.75,721.25,720.67,721.322125,720.597933,-0.10039786315996224,0,1d,False,0.0101464346946231,529036800.0,M,1.2750968650933363
581,2026-04-30,2026-05-01,2026-05-01,718.66,709.75,721.25,720.67,721.322125,720.597933,-0.10039786315996224,0,1d,False,0.0099496894235362,1927397969.78,P,1.2553716097217287
582,2026-04-30,2026-05-01,2026-05-01,718.5472,709.75,721.25,720.67,721.322125,720.597933,-0.10039786315996224,0,1d,False,0.0097911689479748,502983040.0,D,1.239478689679461
583,2026-04-30,2026-05-01,2026-05-01,718.66,709.75,721.25,720.67,721.322125,720.597933,-0.10039786315996224,0,1d,False,0.0099496894235362,1927397969.78,P,1.2553716097217287
586,2026-05-05,2026-05-06,2026-05-06,723.62,716.17,728.17,733.79,728.242817,733.7166209999999,0.7516454501466097,0,1d,False,0.0078132616537374,361810000.0,M,1.0402558051859259
584,2026-05-05,2026-05-06,2026-05-06,723.43,716.17,728.17,733.79,728.242817,733.7166209999999,0.7516454501466097,0,1d,False,0.0075486413838246,723430000.0,M,1.013725791362385
585,2026-05-05,2026-05-06,2026-05-06,723.77,716.17,728.17,733.79,728.242817,733.7166209999999,0.7516454501466097,0,1d,False,0.0080221723931421,744031217.38,P,1.061200552941344
587,2026-05-05,2026-05-06,2026-05-06,723.77,716.17,728.17,733.79,728.242817,733.7166209999999,0.7516454501466097,0,1d,False,0.0080221723931421,744031217.38,P,1.061200552941344
591,2026-05-06,2026-05-07,2026-05-07,734.1665,721.91,735.05,731.56,735.1235049999999,731.4868439999999,-0.49470068298251846,0,1d,False,0.0143643698965141,440499900.0,D,1.6977878128852728
590,2026-05-06,2026-05-07,2026-05-07,733.83,721.91,735.05,731.56,735.1235049999999,731.4868439999999,-0.49470068298251846,0,1d,False,0.0138994431932797,1876417252.77,P,1.6511753542685477
588,2026-05-06,2026-05-07,2026-05-07,733.145,721.91,735.05,731.56,735.1235049999999,731.4868439999999,-0.49470068298251846,0,1d,False,0.012953009934095,733145000.0,M,1.5562881799670338
589,2026-05-06,2026-05-07,2026-05-07,733.83,721.91,735.05,731.56,735.1235049999999,731.4868439999999,-0.49470068298251846,0,1d,False,0.0138994431932797,1876417252.77,P,1.6511753542685477
592,2026-05-08,2026-05-11,2026-05-11,736.94,729.7,736.46,739.26,736.533646,739.186074,0.3601231273554051,0,1d,False,0.0073266081631537,368470000.0,M,0.992188570645472
593,2026-05-08,2026-05-11,2026-05-11,737.62,729.7,736.46,739.26,736.533646,739.186074,0.3601231273554051,0,1d,False,0.0082561032286283,981535443.98,P,1.0853775524187965
594,2026-05-08,2026-05-11,2026-05-11,737.625,729.7,736.46,739.26,736.533646,739.186074,0.3601231273554051,0,1d,False,0.0082629377511686,663862500.0,M,1.0860627655200703
595,2026-05-08,2026-05-11,2026-05-11,737.62,729.7,736.46,739.26,736.533646,739.186074,0.3601231273554051,0,1d,False,0.0082561032286283,981535443.98,P,1.0853775524187965
596,2026-05-08,2026-05-11,2026-05-11,737.6421,729.7,736.46,739.26,736.533646,739.186074,0.3601231273554051,0,1d,False,0.0082863118182563,442585260.0,D,1.088406194326433
597,2026-05-13,2026-05-14,2026-05-14,742.31,736.28,743.66,748.15,743.7343659999999,748.075185,0.5836517980668532,0,1d,False,0.0055948413666043,1183844153.4099998,P,0.8189819090563335
598,2026-05-13,2026-05-14,2026-05-14,742.31,736.28,743.66,748.15,743.7343659999999,748.075185,0.5836517980668532,0,1d,False,0.0055948413666043,1183844153.4099998,P,0.8189819090563335
599,2026-05-13,2026-05-14,2026-05-14,742.2836,736.28,743.66,748.15,743.7343659999999,748.075185,0.5836517980668532,0,1d,False,0.0055590777317185,445370160.0,D,0.8153963166186785
600,2026-05-13,2026-05-14,2026-05-14,742.31,736.28,743.66,748.15,743.7343659999999,748.075185,0.5836517980668532,0,1d,False,0.0055948413666043,500083112.35,D,0.8189819090563335
601,2026-05-14,2026-05-15,2026-05-29,746.63,740.4,741.8,756.4,741.8741799999999,756.32436,1.9477938968033737,14,2w,False,0.0058196710269295,373315000.0,D,0.8414370610480846
602,2026-05-14,2026-05-15,2026-05-29,748.17,740.4,741.8,756.4,741.8741799999999,756.32436,1.9477938968033737,14,2w,False,0.0078942759763441,888839427.06,P,1.0494327390599651
603,2026-05-14,2026-05-15,2026-05-29,748.17,740.4,741.8,756.4,741.8741799999999,756.32436,1.9477938968033737,14,2w,False,0.0078942759763441,888839427.06,P,1.0494327390599651
616,2026-05-20,2026-05-21,2026-05-21,741.25,731.85,738.67,742.75,738.7438669999999,742.675725,0.5322356198999234,0,1d,False,0.0102490016763659,758160877.5,P,1.2844162055065897
617,2026-05-20,2026-05-21,2026-05-21,741.25,731.85,738.67,742.75,738.7438669999999,742.675725,0.5322356198999234,0,1d,False,0.0102490016763659,758160877.5,P,1.2844162055065897
619,2026-05-26,2026-05-27,2026-05-29,750.59,743.72,750.9,756.4,750.97509,756.32436,0.7123099116376652,2,3d,False,0.0066385923501958,848709376.57,P,0.9237347388802244
618,2026-05-26,2026-05-27,2026-05-29,750.59,743.72,750.9,756.4,750.97509,756.32436,0.7123099116376652,2,3d,False,0.0066385923501958,848709376.57,P,0.9237347388802244
620,2026-05-28,2026-05-29,2026-05-29,754.6,748.53,755.9,756.4,755.97559,756.32436,0.04613508750990203,0,1d,False,0.0055166164752285,888464530.8000001,P,0.8109227419074787
621,2026-05-28,2026-05-29,2026-05-29,754.6,748.53,755.9,756.4,755.97559,756.32436,0.04613508750990203,0,1d,False,0.0055166164752285,888464530.8000001,P,0.8109227419074787
622,2026-05-28,2026-05-29,2026-05-29,754.6047,748.53,755.9,756.4,755.97559,756.32436,0.04613508750990203,0,1d,False,0.0055228793006954,501686106.5151,D,0.8115506392529368
623,2026-05-28,2026-05-29,2026-05-29,754.6,748.53,755.9,756.4,755.97559,756.32436,0.04613508750990203,0,1d,False,0.0055166164752285,500000223.8,D,0.8109227419074787
639,2026-06-11,2026-06-12,2026-06-12,729.881,723.57,740.77,741.63,740.844077,741.555837,0.09607419727000188,0,1d,False,0.0061356712570475,306550020.0,D,0.8722031040535017
640,2026-06-11,2026-06-12,2026-06-12,737.76,723.57,740.77,741.63,740.844077,741.555837,0.09607419727000188,0,1d,False,0.0169968156817336,1623662945.76,P,1.9611094987354285
641,2026-06-11,2026-06-12,2026-06-12,737.76,723.57,740.77,741.63,740.844077,741.555837,0.09607419727000188,0,1d,False,0.0169968156817336,1623662945.76,P,1.9611094987354285
642,2026-06-11,2026-06-12,2026-06-12,738.1723,723.57,740.77,741.63,740.844077,741.555837,0.09607419727000188,0,1d,False,0.0175651682450408,516720610.0,D,2.0180908550658403
643,2026-06-11,2026-06-12,2026-06-12,738.1723,723.57,740.77,741.63,740.844077,741.555837,0.09607419727000188,0,1d,False,0.0175651682450408,1994665567.5464,D,2.0180908550658403
644,2026-06-12,2026-06-17,2026-06-17,741.75,735.86,751.29,741.02,751.3651289999999,740.9458979999999,-1.3867067551919798,0,1d,False,0.0054082628497072,1158267102.75,P,0.8004239936944509
645,2026-06-12,2026-06-17,2026-06-17,741.72,735.86,751.29,741.02,751.3651289999999,740.9458979999999,-1.3867067551919798,0,1d,False,0.0053675992192583,1112580000.0,M,0.7963471312477935
646,2026-06-12,2026-06-17,2026-06-17,741.75,735.86,751.29,741.02,751.3651289999999,740.9458979999999,-1.3867067551919798,0,1d,False,0.0054082628497072,1158267102.75,P,0.8004239936944509
647,2026-06-12,2026-06-17,2026-06-17,741.75,735.86,751.29,741.02,751.3651289999999,740.9458979999999,-1.3867067551919798,0,1d,False,0.0054082628497072,500000323.5,D,0.8004239936944509
658,2026-06-18,2026-06-22,2026-06-22,746.0,739.06,747.64,744.37,747.714764,744.295563,-0.4572868110438888,0,1d,False,0.0093903066056883,1790400000.0,M,0.9390306605688381
657,2026-06-18,2026-06-22,2026-06-22,747.9031,739.06,747.64,744.37,747.714764,744.295563,-0.4572868110438888,0,1d,False,0.0119653343436257,3189057322.5938,D,1.1965334343625753
659,2026-06-18,2026-06-22,2026-06-22,746.36,739.06,747.64,744.37,747.714764,744.295563,-0.4572868110438888,0,1d,False,0.009877411847482,447816000.0,D,0.9877411847482029
656,2026-06-18,2026-06-22,2026-06-22,747.9131,739.06,747.64,744.37,747.714764,744.295563,-0.4572868110438888,0,1d,False,0.0119788650447866,869927643.134,D,1.1978865044786675
660,2026-06-18,2026-06-22,2026-06-22,747.8731,739.06,747.64,744.37,747.714764,744.295563,-0.4572868110438888,0,1d,False,0.0119247422401429,3188929402.6538,D,1.192474224014299
654,2026-06-18,2026-06-22,2026-06-22,747.9031,739.06,747.64,744.37,747.714764,744.295563,-0.4572868110438888,0,1d,False,0.0119653343436257,598322480.0,D,1.1965334343625753
653,2026-06-18,2026-06-22,2026-06-22,745.0186,739.06,747.64,744.37,747.714764,744.295563,-0.4572868110438888,0,1d,False,0.0080624035937542,379959486.0,D,0.8062403593754291
652,2026-06-18,2026-06-22,2026-06-22,747.85,739.06,747.64,744.37,747.714764,744.295563,-0.4572868110438888,0,1d,False,0.0118934863204612,2039788545.45,D,1.1893486320461233
655,2026-06-18,2026-06-22,2026-06-22,747.8731,739.06,747.64,744.37,747.714764,744.295563,-0.4572868110438888,0,1d,False,0.0119247422401429,2039851551.5547,D,1.192474224014299
661,2026-06-18,2026-06-22,2026-06-22,746.74,739.06,747.64,744.37,747.714764,744.295563,-0.4572868110438888,0,1d,False,0.0103915784915975,2152613209.94,P,1.0391578491597522
