close,high,low,n,open,date,volume,vw
746.42,746.73,744.69,643,745.5,2026-06-22 04:00:00-04:00,4120,745.783315
746.58,746.77,743.13,196,746.77,2026-06-22 04:01:00-04:00,7264,745.246133
746.19,746.5,746.14,119,746.48,2026-06-22 04:02:00-04:00,4138,746.279544
746.15,746.27,746.15,29,746.27,2026-06-22 04:03:00-04:00,1208,746.218915
743.4,746.22,743.4,177,746.22,2026-06-22 04:04:00-04:00,4194,744.277413
745.68,746.23,743.0,905,743.62,2026-06-22 04:05:00-04:00,30685,744.268987
746.52,747.02,743.31,875,745.75,2026-06-22 04:06:00-04:00,30335,746.124004
746.49,746.91,743.96,277,746.51,2026-06-22 04:07:00-04:00,9397,746.232827
745.97,746.9,745.94,80,746.8,2026-06-22 04:08:00-04:00,2368,746.564836
745.93,746.03,743.69,27,743.69,2026-06-22 04:09:00-04:00,666,745.575018
745.82,745.93,745.82,62,745.93,2026-06-22 04:10:00-04:00,845,745.905906
745.59,745.81,745.57,70,745.81,2026-06-22 04:11:00-04:00,2006,745.706525
745.88,745.88,745.64,63,745.66,2026-06-22 04:12:00-04:00,420,745.745134
746.01,746.02,745.94,31,746.0,2026-06-22 04:13:00-04:00,2021,745.99877
745.93,745.99,745.93,18,745.99,2026-06-22 04:14:00-04:00,1407,745.981404
746.01,746.01,745.9,22,745.9,2026-06-22 04:15:00-04:00,409,745.928947
745.81,745.81,745.76,9,745.76,2026-06-22 04:17:00-04:00,414,745.775946
745.82,745.82,745.67,45,745.77,2026-06-22 04:18:00-04:00,946,745.766991
745.68,745.68,745.68,11,745.68,2026-06-22 04:19:00-04:00,233,745.68
745.7,745.7,745.7,10,745.7,2026-06-22 04:20:00-04:00,95,745.7
745.91,745.91,745.72,5,745.72,2026-06-22 04:21:00-04:00,193,745.825508
745.63,745.63,745.63,12,745.63,2026-06-22 04:23:00-04:00,244,745.63
745.89,745.89,745.84,18,745.88,2026-06-22 04:25:00-04:00,493,745.876845
745.85,745.85,745.85,7,745.85,2026-06-22 04:26:00-04:00,71,745.85
745.9,745.92,745.9,14,745.92,2026-06-22 04:27:00-04:00,1212,745.901517
745.84,745.84,745.84,6,745.84,2026-06-22 04:28:00-04:00,129,745.84
745.81,745.84,745.81,6,745.84,2026-06-22 04:29:00-04:00,108,745.825
745.67,745.68,745.67,13,745.68,2026-06-22 04:30:00-04:00,159,745.675
745.86,745.86,745.86,2,745.86,2026-06-22 04:31:00-04:00,51,745.86
745.77,745.91,745.77,10,745.89,2026-06-22 04:32:00-04:00,755,745.859217
745.81,745.81,745.74,13,745.74,2026-06-22 04:33:00-04:00,281,745.780695
745.67,745.72,745.67,12,745.72,2026-06-22 04:34:00-04:00,254,745.706885
745.91,745.95,745.91,10,745.93,2026-06-22 04:35:00-04:00,433,745.943194
745.91,746.0,745.91,12,745.91,2026-06-22 04:36:00-04:00,400,745.967324
746.11,746.11,746.11,6,746.11,2026-06-22 04:37:00-04:00,97,746.11
746.04,746.07,746.04,11,746.07,2026-06-22 04:39:00-04:00,215,746.05621
746.11,746.11,746.11,6,746.11,2026-06-22 04:41:00-04:00,81,746.11
746.16,746.16,746.16,7,746.16,2026-06-22 04:43:00-04:00,104,746.16
746.2,746.2,746.12,6,746.12,2026-06-22 04:44:00-04:00,106,746.164444
746.27,746.35,746.27,13,746.35,2026-06-22 04:45:00-04:00,632,746.278952
746.11,746.11,746.01,11,746.01,2026-06-22 04:47:00-04:00,248,746.080745
745.96,745.96,745.96,10,745.96,2026-06-22 04:48:00-04:00,107,745.96
746.05,746.05,746.02,9,746.02,2026-06-22 04:50:00-04:00,331,746.0275
745.95,745.95,745.95,5,745.95,2026-06-22 04:51:00-04:00,107,745.95
745.98,745.98,745.98,6,745.98,2026-06-22 04:52:00-04:00,92,745.98
746.19,746.19,746.147,5,746.147,2026-06-22 04:54:00-04:00,146,746.169421
746.31,746.31,746.28,7,746.29,2026-06-22 04:56:00-04:00,396,746.300306
746.27,746.28,746.27,10,746.28,2026-06-22 04:57:00-04:00,523,746.278312
746.0333,746.24,746.0333,12,746.24,2026-06-22 05:00:00-04:00,203,746.154888
746.18,746.18,746.08,12,746.09,2026-06-22 05:01:00-04:00,1012,746.108447
746.35,746.35,746.27,7,746.27,2026-06-22 05:03:00-04:00,408,746.33
746.4999,746.4999,746.41,10,746.41,2026-06-22 05:04:00-04:00,891,746.488495
746.64,746.64,746.53,8,746.53,2026-06-22 05:05:00-04:00,280,746.563884
746.75,746.75,746.59,29,746.59,2026-06-22 05:06:00-04:00,1276,746.618579
746.71,746.71,746.71,7,746.71,2026-06-22 05:07:00-04:00,140,746.71
746.59,746.6,746.56,12,746.56,2026-06-22 05:11:00-04:00,299,746.585481
746.69,746.69,746.69,16,746.69,2026-06-22 05:12:00-04:00,146,746.69
746.5151,746.53,746.5,11,746.53,2026-06-22 05:13:00-04:00,317,746.514406
746.54,746.54,746.5,14,746.5,2026-06-22 05:14:00-04:00,642,746.504349
746.41,746.41,746.41,9,746.41,2026-06-22 05:16:00-04:00,131,746.41
746.41,746.41,746.41,3,746.41,2026-06-22 05:19:00-04:00,68,746.41
746.42,746.42,746.42,10,746.42,2026-06-22 05:20:00-04:00,89,746.42
746.46,746.46,746.45,24,746.45,2026-06-22 05:23:00-04:00,1279,746.458992
746.4292,746.46,746.4,41,746.46,2026-06-22 05:24:00-04:00,1648,746.456043
746.49,746.49,746.49,7,746.49,2026-06-22 05:26:00-04:00,220,746.49
746.34,746.36,746.34,17,746.35,2026-06-22 05:28:00-04:00,708,746.344
746.36,746.36,746.36,4,746.36,2026-06-22 05:29:00-04:00,1134,746.36
746.28,746.28,746.28,8,746.28,2026-06-22 05:31:00-04:00,120,746.28
746.3,746.3,746.3,6,746.3,2026-06-22 05:32:00-04:00,207,746.3
746.48,746.48,746.37,25,746.37,2026-06-22 05:33:00-04:00,1484,746.399652
746.4,746.4,746.4,9,746.4,2026-06-22 05:35:00-04:00,65,746.4
746.22,746.22,746.22,4,746.22,2026-06-22 05:37:00-04:00,123,746.22
746.19,746.19,746.19,8,746.19,2026-06-22 05:39:00-04:00,109,746.19
746.08,746.08,746.08,9,746.08,2026-06-22 05:42:00-04:00,290,746.08
746.09,746.09,746.09,14,746.09,2026-06-22 05:43:00-04:00,701,746.09
746.08,746.08,746.04,5,746.04,2026-06-22 05:45:00-04:00,139,746.064427
745.96,745.96,745.96,8,745.96,2026-06-22 05:48:00-04:00,72,745.96
745.97,745.98,745.93,12,745.94,2026-06-22 05:49:00-04:00,605,745.970106
746.06,746.06,746.06,11,746.06,2026-06-22 05:50:00-04:00,121,746.06
746.03,746.03,746.03,3,746.03,2026-06-22 05:57:00-04:00,202,746.03
745.87,745.87,745.87,3,745.87,2026-06-22 05:59:00-04:00,57,745.87
745.88,745.89,745.87,26,745.87,2026-06-22 06:00:00-04:00,1110,745.883933
745.99,745.99,745.99,3,745.99,2026-06-22 06:01:00-04:00,68,745.99
746.23,746.27,746.08,49,746.08,2026-06-22 06:02:00-04:00,3901,746.169224
746.33,746.33,746.33,14,746.33,2026-06-22 06:04:00-04:00,131,746.33
746.56,746.56,746.54,15,746.54,2026-06-22 06:06:00-04:00,490,746.552945
746.74,746.74,746.55,23,746.55,2026-06-22 06:07:00-04:00,1756,746.606359
746.7,746.7,746.7,14,746.7,2026-06-22 06:08:00-04:00,442,746.7
746.74,746.7996,746.74,4,746.7996,2026-06-22 06:09:00-04:00,1129,746.743835
746.82,746.82,746.82,9,746.82,2026-06-22 06:10:00-04:00,146,746.82
746.79,746.81,746.79,12,746.8,2026-06-22 06:11:00-04:00,451,746.79329
746.65,746.72,746.65,6,746.72,2026-06-22 06:12:00-04:00,537,746.706641
746.6882,746.6882,746.65,7,746.65,2026-06-22 06:13:00-04:00,163,746.67292
746.63,746.75,746.63,136,746.71,2026-06-22 06:14:00-04:00,10365,746.739738
746.74,746.74,746.74,9,746.74,2026-06-22 06:16:00-04:00,1007,746.74
746.73,746.73,746.73,3,746.73,2026-06-22 06:17:00-04:00,81,746.73
746.7,746.76,746.7,14,746.76,2026-06-22 06:18:00-04:00,193,746.73
746.67,746.67,746.67,7,746.67,2026-06-22 06:19:00-04:00,105,746.67
746.64,746.65,746.64,9,746.64,2026-06-22 06:21:00-04:00,341,746.642797
746.71,746.72,746.71,10,746.72,2026-06-22 06:26:00-04:00,230,746.714314
746.63,746.63,746.57,10,746.62,2026-06-22 06:27:00-04:00,218,746.605924
746.36,746.58,746.36,59,746.56,2026-06-22 06:30:00-04:00,3947,746.532807
746.26,746.26,746.25,5,746.25,2026-06-22 06:31:00-04:00,396,746.253333
746.35,746.36,746.35,9,746.36,2026-06-22 06:32:00-04:00,308,746.35697
746.4,746.4,746.4,5,746.4,2026-06-22 06:36:00-04:00,82,746.4
746.16,746.16,746.16,6,746.16,2026-06-22 06:38:00-04:00,195,746.16
746.17,746.17,746.17,2,746.17,2026-06-22 06:39:00-04:00,51,746.17
746.12,746.16,746.03,18,746.07,2026-06-22 06:40:00-04:00,597,746.101637
746.19,746.19,746.17,18,746.17,2026-06-22 06:42:00-04:00,1457,746.173586
746.21,746.21,746.17,13,746.17,2026-06-22 06:43:00-04:00,465,746.182254
746.29,746.31,746.26,50,746.26,2026-06-22 06:44:00-04:00,2879,746.272141
746.43,746.43,746.37,39,746.37,2026-06-22 06:45:00-04:00,3219,746.404584
746.48,746.48,746.42,9,746.42,2026-06-22 06:46:00-04:00,243,746.44
746.46,746.46,746.46,10,746.46,2026-06-22 06:47:00-04:00,123,746.46
746.55,746.55,746.5,6,746.53,2026-06-22 06:48:00-04:00,246,746.522759
746.5,746.55,746.5,12,746.55,2026-06-22 06:50:00-04:00,216,746.51988
746.44,746.44,746.43,12,746.43,2026-06-22 06:51:00-04:00,554,746.4392
746.3,746.3,746.29,7,746.29,2026-06-22 06:52:00-04:00,124,746.295319
746.3,746.3,746.22,8,746.22,2026-06-22 06:53:00-04:00,172,746.273984
746.27,746.28,746.27,10,746.28,2026-06-22 06:54:00-04:00,139,746.2732
746.3,746.3,746.3,5,746.3,2026-06-22 06:55:00-04:00,90,746.3
746.3,746.3,746.3,8,746.3,2026-06-22 06:57:00-04:00,271,746.3
746.26,746.26,746.25,4,746.25,2026-06-22 06:59:00-04:00,126,746.256
746.33,746.3718,746.22,59,746.22,2026-06-22 07:00:00-04:00,1108,746.290191
746.3,746.3,746.3,12,746.3,2026-06-22 07:01:00-04:00,72,746.3
746.61,746.63,746.42,39,746.42,2026-06-22 07:02:00-04:00,2009,746.521402
746.59,746.6045,746.55,21,746.56,2026-06-22 07:03:00-04:00,934,746.58527
747.09,747.19,746.57,146,746.57,2026-06-22 07:04:00-04:00,8864,746.929907
747.7619,747.98,747.04,220,747.05,2026-06-22 07:05:00-04:00,12253,747.476452
747.98,748.1,747.25,131,748.0,2026-06-22 07:06:00-04:00,8468,747.681352
747.37,748.0,747.37,63,747.94,2026-06-22 07:07:00-04:00,4273,747.63929
747.4046,747.5,747.32,27,747.5,2026-06-22 07:08:00-04:00,4847,747.482901
747.25,747.3886,747.25,65,747.31,2026-06-22 07:09:00-04:00,5948,747.342093
746.85,747.21,746.85,36,747.21,2026-06-22 07:10:00-04:00,2424,747.006577
746.48,746.57,746.45,174,746.56,2026-06-22 07:11:00-04:00,11989,746.506151
746.5,746.55,746.4802,43,746.4802,2026-06-22 07:12:00-04:00,3048,746.501252
746.41,746.6,746.41,36,746.52,2026-06-22 07:13:00-04:00,1773,746.500044
746.6,746.65,746.5301,55,746.56,2026-06-22 07:14:00-04:00,2871,746.601608
746.5,746.6599,746.5,13,746.6599,2026-06-22 07:15:00-04:00,513,746.5621
746.5578,746.5578,746.52,23,746.52,2026-06-22 07:16:00-04:00,1152,746.530958
746.64,746.64,746.52,31,746.52,2026-06-22 07:17:00-04:00,1847,746.578588
746.6801,746.6801,746.6801,15,746.6801,2026-06-22 07:19:00-04:00,161,746.6801
746.65,746.65,746.65,16,746.65,2026-06-22 07:20:00-04:00,238,746.65
746.59,746.65,746.58,20,746.6473,2026-06-22 07:21:00-04:00,592,746.61219
746.5,746.59,746.5,47,746.59,2026-06-22 07:22:00-04:00,2316,746.583078
746.52,746.52,746.52,14,746.52,2026-06-22 07:23:00-04:00,125,746.52
746.59,746.6099,746.59,10,746.6099,2026-06-22 07:24:00-04:00,143,746.598024
746.68,746.68,746.66,19,746.66,2026-06-22 07:25:00-04:00,158,746.670638
746.77,746.77,746.72,15,746.76,2026-06-22 07:26:00-04:00,330,746.748758
746.7335,746.7335,746.7103,10,746.7103,2026-06-22 07:27:00-04:00,228,746.7219
746.6,746.72,746.6,28,746.72,2026-06-22 07:28:00-04:00,1334,746.645042
746.55,746.56,746.55,14,746.56,2026-06-22 07:29:00-04:00,618,746.551721
746.57,746.57,746.51,21,746.51,2026-06-22 07:30:00-04:00,389,746.552632
746.58,746.58,746.5,36,746.56,2026-06-22 07:31:00-04:00,799,746.538736
746.65,746.65,746.65,17,746.65,2026-06-22 07:32:00-04:00,234,746.65
746.8,746.93,746.74,36,746.74,2026-06-22 07:33:00-04:00,1883,746.853259
746.79,746.79,746.79,9,746.79,2026-06-22 07:34:00-04:00,78,746.79
746.7832,746.86,746.7832,41,746.8,2026-06-22 07:35:00-04:00,795,746.833991
746.759,746.78,746.759,27,746.78,2026-06-22 07:36:00-04:00,337,746.765263
746.8535,746.8535,746.79,70,746.81,2026-06-22 07:37:00-04:00,1183,746.8197
746.949,746.949,746.72,36,746.8,2026-06-22 07:38:00-04:00,536,746.829094
746.85,747.0,746.85,92,746.87,2026-06-22 07:39:00-04:00,8813,746.953084
746.605,746.92,746.605,52,746.92,2026-06-22 07:40:00-04:00,1729,746.733848
746.6895,746.6895,746.6895,11,746.6895,2026-06-22 07:41:00-04:00,151,746.6895
746.62,746.62,746.62,23,746.62,2026-06-22 07:42:00-04:00,167,746.62
746.82,746.82,746.69,17,746.69,2026-06-22 07:43:00-04:00,430,746.735873
746.7,746.7,746.69,14,746.69,2026-06-22 07:44:00-04:00,132,746.695294
746.5,746.55,746.5,38,746.55,2026-06-22 07:45:00-04:00,530,746.521538
746.66,746.66,746.55,38,746.58,2026-06-22 07:46:00-04:00,1785,746.582611
746.65,746.65,746.6191,39,746.6191,2026-06-22 07:47:00-04:00,1197,746.631472
746.74,746.75,746.28,110,746.66,2026-06-22 07:48:00-04:00,7729,746.509671
746.8,746.8,746.8,22,746.8,2026-06-22 07:49:00-04:00,209,746.8
746.8,746.84,746.7205,39,746.84,2026-06-22 07:50:00-04:00,761,746.771071
746.62,746.85,746.62,20,746.85,2026-06-22 07:51:00-04:00,212,746.756563
746.44,746.53,746.43,67,746.52,2026-06-22 07:52:00-04:00,5001,746.460808
746.52,746.56,746.45,56,746.56,2026-06-22 07:53:00-04:00,3462,746.488516
746.52,746.6,746.5,28,746.6,2026-06-22 07:54:00-04:00,1539,746.524541
746.82,746.85,746.8,38,746.8,2026-06-22 07:55:00-04:00,1621,746.822136
746.56,746.67,746.55,39,746.65,2026-06-22 07:56:00-04:00,1372,746.577344
746.56,746.56,746.56,8,746.56,2026-06-22 07:57:00-04:00,57,746.56
746.7,746.71,746.7,27,746.7,2026-06-22 07:59:00-04:00,1137,746.700768
746.86,746.87,746.85,29,746.87,2026-06-22 08:00:00-04:00,512,746.8625
746.79,746.83,746.79,33,746.83,2026-06-22 08:01:00-04:00,825,746.796667
746.77,746.8232,746.75,19,746.8232,2026-06-22 08:02:00-04:00,448,746.78328
746.83,746.84,746.8,26,746.8,2026-06-22 08:03:00-04:00,819,746.81122
747.0,747.0,746.92,51,746.92,2026-06-22 08:04:00-04:00,1781,746.953958
747.07,747.07,747.0,51,747.0,2026-06-22 08:05:00-04:00,1818,747.029183
747.04,747.09,747.02,37,747.02,2026-06-22 08:06:00-04:00,445,747.061552
747.04,747.1,747.04,27,747.1,2026-06-22 08:07:00-04:00,417,747.069697
747.19,747.19,747.01,61,747.0384,2026-06-22 08:08:00-04:00,1904,747.048065
747.17,747.1701,747.1403,39,747.1403,2026-06-22 08:09:00-04:00,1019,747.15687
747.19,747.2,747.19,33,747.19,2026-06-22 08:10:00-04:00,1286,747.19037
747.289,747.29,747.18,41,747.19,2026-06-22 08:11:00-04:00,1991,747.205501
747.36,747.36,747.28,55,747.29,2026-06-22 08:12:00-04:00,4221,747.314153
747.33,747.34,747.28,43,747.34,2026-06-22 08:13:00-04:00,2839,747.300486
747.38,747.38,747.28,66,747.31,2026-06-22 08:14:00-04:00,6453,747.349778
747.31,747.33,747.19,40,747.28,2026-06-22 08:15:00-04:00,2615,747.305537
747.25,747.31,747.25,31,747.31,2026-06-22 08:16:00-04:00,1973,747.306349
747.22,747.25,747.21,38,747.25,2026-06-22 08:17:00-04:00,639,747.22
747.1953,747.1953,747.15,28,747.15,2026-06-22 08:18:00-04:00,201,747.170972
747.17,747.21,747.17,21,747.21,2026-06-22 08:19:00-04:00,507,747.176837
747.36,747.4,747.25,56,747.25,2026-06-22 08:20:00-04:00,2746,747.354273
747.52,747.53,747.48,54,747.48,2026-06-22 08:21:00-04:00,4501,747.499439
747.74,747.75,747.59,49,747.63,2026-06-22 08:22:00-04:00,2816,747.696917
747.7,747.71,747.6597,42,747.71,2026-06-22 08:23:00-04:00,1788,747.674231
747.67,747.67,747.65,20,747.6619,2026-06-22 08:24:00-04:00,387,747.664633
747.61,747.71,747.59,35,747.6816,2026-06-22 08:25:00-04:00,860,747.638305
747.65,747.65,747.63,29,747.63,2026-06-22 08:26:00-04:00,332,747.638
747.74,747.74,744.06,94,747.66,2026-06-22 08:27:00-04:00,67864,744.292903
747.67,747.75,747.67,51,747.71,2026-06-22 08:28:00-04:00,3090,747.720405
747.76,747.78,747.7061,47,747.72,2026-06-22 08:29:00-04:00,2081,747.763914
747.75,747.807,747.75,50,747.77,2026-06-22 08:30:00-04:00,587,747.767088
747.68,747.7,747.6,28,747.7,2026-06-22 08:31:00-04:00,708,747.66035
747.8011,747.81,747.69,55,747.7,2026-06-22 08:32:00-04:00,4276,747.715327
747.829,747.88,747.829,53,747.87,2026-06-22 08:33:00-04:00,1061,747.864258
747.9,747.9,747.77,47,747.82,2026-06-22 08:34:00-04:00,895,747.852577
747.97,747.97,747.88,41,747.88,2026-06-22 08:35:00-04:00,2288,747.930535
747.93,747.93,747.92,25,747.92,2026-06-22 08:36:00-04:00,484,747.924949
747.779,747.84,747.76,45,747.82,2026-06-22 08:37:00-04:00,1414,747.791695
747.8,747.8,747.69,33,747.7596,2026-06-22 08:38:00-04:00,802,747.722855
747.7284,747.81,747.7,58,747.79,2026-06-22 08:39:00-04:00,3432,747.790934
747.69,747.83,747.66,47,747.78,2026-06-22 08:40:00-04:00,1211,747.714686
747.7005,747.76,747.7005,20,747.76,2026-06-22 08:41:00-04:00,765,747.741293
747.42,747.67,747.41,90,747.67,2026-06-22 08:42:00-04:00,5718,747.550132
747.38,747.51,747.38,59,747.45,2026-06-22 08:43:00-04:00,2568,747.478421
747.47,747.47,747.42,50,747.42,2026-06-22 08:44:00-04:00,705,747.435529
747.41,747.5,747.29,73,747.5,2026-06-22 08:45:00-04:00,4015,747.433877
747.3,747.315,747.3,27,747.3118,2026-06-22 08:46:00-04:00,846,747.302468
747.34,747.3402,747.3,22,747.3,2026-06-22 08:47:00-04:00,849,747.33371
747.45,747.45,747.34,34,747.34,2026-06-22 08:48:00-04:00,415,747.378261
747.39,747.46,747.38,25,747.38,2026-06-22 08:49:00-04:00,485,747.39922
747.42,747.45,747.37,38,747.39,2026-06-22 08:50:00-04:00,3166,747.384385
747.3,747.38,747.3,38,747.38,2026-06-22 08:51:00-04:00,3119,747.372514
747.35,747.35,747.3,25,747.3,2026-06-22 08:52:00-04:00,766,747.305531
747.37,747.37,747.34,33,747.34,2026-06-22 08:53:00-04:00,436,747.36
747.25,747.34,747.25,33,747.34,2026-06-22 08:54:00-04:00,722,747.285668
747.3,747.33,747.2709,41,747.2709,2026-06-22 08:55:00-04:00,989,747.306372
747.2965,747.34,747.28,38,747.31,2026-06-22 08:56:00-04:00,700,747.306698
747.25,747.31,747.25,58,747.3,2026-06-22 08:57:00-04:00,2362,747.289052
747.28,747.28,747.26,18,747.26,2026-06-22 08:58:00-04:00,229,747.271111
747.19,747.26,747.17,63,747.26,2026-06-22 08:59:00-04:00,2077,747.19522
748.06,748.13,747.19,358,747.2,2026-06-22 09:00:00-04:00,20406,747.448461
747.89,748.05,747.84,79,748.0,2026-06-22 09:01:00-04:00,2226,747.96724
747.77,747.93,747.77,79,747.85,2026-06-22 09:02:00-04:00,4924,747.88037
748.03,748.1,747.77,121,747.77,2026-06-22 09:03:00-04:00,10428,747.943731
747.89,747.98,747.8,61,747.95,2026-06-22 09:04:00-04:00,2338,747.905366
747.72,747.79,747.66,93,747.79,2026-06-22 09:05:00-04:00,5135,747.745462
747.5,747.68,747.5,73,747.68,2026-06-22 09:06:00-04:00,2297,747.575474
747.44,747.59,747.43,115,747.53,2026-06-22 09:07:00-04:00,4623,747.487934
747.34,747.48,747.33,66,747.45,2026-06-22 09:08:00-04:00,4025,747.411134
747.4,747.4,747.32,62,747.36,2026-06-22 09:09:00-04:00,2695,747.369324
747.49,747.5,747.33,134,747.4,2026-06-22 09:10:00-04:00,7130,747.390371
747.79,748.03,747.51,176,747.559,2026-06-22 09:11:00-04:00,13812,747.702802
747.78,747.86,747.69,176,747.81,2026-06-22 09:12:00-04:00,12301,747.801269
747.81,747.88,747.76,183,747.815,2026-06-22 09:13:00-04:00,9425,747.79032
747.95,747.95,747.85,68,747.85,2026-06-22 09:14:00-04:00,2531,747.901569
747.9,748.05,747.9,184,748.0,2026-06-22 09:15:00-04:00,14495,747.989584
747.74,747.96,747.74,68,747.89,2026-06-22 09:16:00-04:00,898,747.863643
747.9,747.95,747.6899,119,747.7,2026-06-22 09:17:00-04:00,7260,747.863183
747.8763,747.96,747.8763,54,747.91,2026-06-22 09:18:00-04:00,1224,747.933493
747.86,747.88,747.79,78,747.84,2026-06-22 09:19:00-04:00,3716,747.823893
747.87,747.9,747.83,49,747.86,2026-06-22 09:20:00-04:00,2512,747.875278
747.94,747.99,747.87,65,747.87,2026-06-22 09:21:00-04:00,3449,747.885638
748.18,748.2001,747.95,88,747.95,2026-06-22 09:22:00-04:00,4499,748.16705
748.09,748.16,748.03,70,748.16,2026-06-22 09:23:00-04:00,2127,748.096415
748.144,748.144,747.98,82,748.09,2026-06-22 09:24:00-04:00,1848,748.053262
747.88,748.07,747.87,82,748.07,2026-06-22 09:25:00-04:00,2970,747.974387
747.95,748.01,747.8378,59,747.8378,2026-06-22 09:26:00-04:00,2794,747.902221
747.68,747.96,747.68,77,747.93,2026-06-22 09:27:00-04:00,2430,747.808873
747.63,747.71,747.6097,129,747.68,2026-06-22 09:28:00-04:00,8422,747.641426
747.69,747.71,747.59,205,747.64,2026-06-22 09:29:00-04:00,11162,747.666585
748.955,749.04,747.52,18424,747.64,2026-06-22 09:30:00-04:00,542448,748.130346
748.9608,749.32,748.76,5711,748.94,2026-06-22 09:31:00-04:00,315478,749.002642
748.88,749.19,748.82,4204,748.98,2026-06-22 09:32:00-04:00,169445,749.003754
748.15,748.98,747.9999,4211,748.89,2026-06-22 09:33:00-04:00,213141,748.356631
748.105,748.33,747.91,2919,748.14,2026-06-22 09:34:00-04:00,123793,748.134596
748.61,748.61,748.0,2518,748.1,2026-06-22 09:35:00-04:00,130494,748.308878
749.07,749.13,748.55,2508,748.63,2026-06-22 09:36:00-04:00,138383,748.885754
749.2601,749.4,749.05,1840,749.05,2026-06-22 09:37:00-04:00,93003,749.236246
749.61,749.63,749.25,2088,749.27,2026-06-22 09:38:00-04:00,136479,749.500017
749.768,749.8,749.53,2091,749.6,2026-06-22 09:39:00-04:00,527367,749.673238
749.56,749.9,749.3124,2629,749.8,2026-06-22 09:40:00-04:00,127643,749.585984
748.74,749.68,748.6888,2583,749.56,2026-06-22 09:41:00-04:00,156899,749.116568
748.52,748.95,748.51,2720,748.72,2026-06-22 09:42:00-04:00,167094,748.726267
748.3025,748.57,747.94,2629,748.515,2026-06-22 09:43:00-04:00,161649,748.221756
748.23,748.48,748.1,1882,748.32,2026-06-22 09:44:00-04:00,112349,748.313315
748.47,748.61,748.01,2372,748.21,2026-06-22 09:45:00-04:00,126196,748.347182
748.61,748.7,748.39,1885,748.48,2026-06-22 09:46:00-04:00,101642,748.579562
749.21,749.22,748.455,2461,748.6,2026-06-22 09:47:00-04:00,125255,748.806425
749.56,749.59,749.18,1935,749.205,2026-06-22 09:48:00-04:00,125109,749.361096
749.5,749.85,749.41,1747,749.54,2026-06-22 09:49:00-04:00,79661,749.637115
749.52,749.535,749.07,2286,749.52,2026-06-22 09:50:00-04:00,142033,749.326801
749.35,749.5,749.04,1384,749.5,2026-06-22 09:51:00-04:00,63128,749.256082
749.37,749.51,749.12,1358,749.33,2026-06-22 09:52:00-04:00,60898,749.388092
749.36,749.59,749.33,1938,749.39,2026-06-22 09:53:00-04:00,106467,749.465948
749.08,749.49,748.99,1168,749.35,2026-06-22 09:54:00-04:00,47547,749.263969
748.79,749.08,748.74,1585,749.06,2026-06-22 09:55:00-04:00,62197,748.905996
749.45,749.48,748.76,1120,748.79,2026-06-22 09:56:00-04:00,45763,749.153126
749.52,749.57,749.24,1409,749.46,2026-06-22 09:57:00-04:00,87173,749.414549
749.78,749.79,749.39,1084,749.52,2026-06-22 09:58:00-04:00,50798,749.550698
749.91,749.94,749.68,1539,749.77,2026-06-22 09:59:00-04:00,81498,749.790632
749.68,750.0,749.57,2382,749.91,2026-06-22 10:00:00-04:00,122697,749.82725
749.8,749.9,749.63,1345,749.69,2026-06-22 10:01:00-04:00,56918,749.775637
749.47,749.86,749.46,1429,749.83,2026-06-22 10:02:00-04:00,65087,749.695643
749.62,749.67,749.43,1105,749.46,2026-06-22 10:03:00-04:00,52424,749.573188
749.62,749.7091,749.52,1224,749.605,2026-06-22 10:04:00-04:00,60673,749.616703
749.49,749.745,749.36,1325,749.64,2026-06-22 10:05:00-04:00,67484,749.486519
749.47,749.71,749.409,1288,749.49,2026-06-22 10:06:00-04:00,66693,749.551704
749.68,749.71,749.43,1017,749.47,2026-06-22 10:07:00-04:00,48486,749.577651
749.84,749.88,749.67,1161,749.69,2026-06-22 10:08:00-04:00,49354,749.787494
749.94,749.97,749.835,1433,749.85,2026-06-22 10:09:00-04:00,99250,749.905886
749.95,750.18,749.92,1714,749.93,2026-06-22 10:10:00-04:00,94660,750.016195
749.55,749.96,749.51,1748,749.94,2026-06-22 10:11:00-04:00,94906,749.741019
749.56,749.76,749.45,1225,749.55,2026-06-22 10:12:00-04:00,38027,749.593608
749.34,749.68,749.28,1519,749.56,2026-06-22 10:13:00-04:00,55807,749.438951
749.28,749.43,749.2,1912,749.35,2026-06-22 10:14:00-04:00,103823,749.297012
749.17,749.35,749.07,1890,749.28,2026-06-22 10:15:00-04:00,101724,749.215271
748.915,749.2,748.85,1605,749.185,2026-06-22 10:16:00-04:00,59389,748.998094
748.4,749.04,748.26,1881,748.9,2026-06-22 10:17:00-04:00,81907,748.702725
748.68,748.75,748.3601,1983,748.38,2026-06-22 10:18:00-04:00,102052,748.603679
748.46,748.85,748.41,1450,748.66,2026-06-22 10:19:00-04:00,54843,748.603358
748.13,748.505,747.77,2375,748.46,2026-06-22 10:20:00-04:00,114251,748.104676
748.37,748.48,748.14,1370,748.14,2026-06-22 10:21:00-04:00,61161,748.302337
748.1,748.47,748.07,1599,748.37,2026-06-22 10:22:00-04:00,82231,748.245759
747.8,748.13,747.8,1982,748.12,2026-06-22 10:23:00-04:00,99631,747.935687
747.51,747.83,747.32,3055,747.82,2026-06-22 10:24:00-04:00,195812,747.504607
747.58,747.81,747.3,2327,747.49,2026-06-22 10:25:00-04:00,104703,747.592818
747.66,747.81,747.46,2112,747.57,2026-06-22 10:26:00-04:00,90953,747.621908
746.79,747.66,746.78,3046,747.645,2026-06-22 10:27:00-04:00,126666,747.125946
746.875,747.1999,746.78,1973,746.81,2026-06-22 10:28:00-04:00,100830,747.000815
746.51,746.865,746.44,3638,746.865,2026-06-22 10:29:00-04:00,178451,746.641535
745.73,746.61,745.72,3851,746.51,2026-06-22 10:30:00-04:00,192908,746.076003
745.52,746.25,745.43,2825,745.74,2026-06-22 10:31:00-04:00,129682,745.852696
745.14,745.62,745.0702,2781,745.56,2026-06-22 10:32:00-04:00,157064,745.36098
745.39,745.5518,745.05,2194,745.17,2026-06-22 10:33:00-04:00,95287,745.320107
745.47,745.7899,745.36,2455,745.38,2026-06-22 10:34:00-04:00,123975,745.580498
745.95,746.01,745.13,2347,745.46,2026-06-22 10:35:00-04:00,122279,745.640434
745.64,745.95,745.5,1937,745.93,2026-06-22 10:36:00-04:00,78959,745.734343
745.59,745.69,745.24,1944,745.67,2026-06-22 10:37:00-04:00,76084,745.477782
745.3,745.72,745.11,1861,745.57,2026-06-22 10:38:00-04:00,80686,745.370794
745.5,745.58,745.02,2002,745.3,2026-06-22 10:39:00-04:00,89521,745.303133
745.55,745.79,745.39,2000,745.5,2026-06-22 10:40:00-04:00,99579,745.567735
745.255,745.55,745.11,2018,745.53,2026-06-22 10:41:00-04:00,83422,745.265822
745.21,745.39,745.062,1937,745.27,2026-06-22 10:42:00-04:00,76919,745.196095
744.92,745.2845,744.68,2212,745.18,2026-06-22 10:43:00-04:00,100065,744.950602
744.5338,744.91,744.445,2266,744.9,2026-06-22 10:44:00-04:00,103292,744.582111
744.79,745.15,744.49,2289,744.54,2026-06-22 10:45:00-04:00,129498,744.87238
745.16,745.2,744.69,1835,744.8,2026-06-22 10:46:00-04:00,92353,745.018505
744.78,745.32,744.65,2331,745.15,2026-06-22 10:47:00-04:00,109945,745.030491
744.89,745.05,744.635,1476,744.76,2026-06-22 10:48:00-04:00,47394,744.823258
744.8,744.93,744.55,1902,744.89,2026-06-22 10:49:00-04:00,80835,744.711422
744.59,745.06,744.54,1881,744.8,2026-06-22 10:50:00-04:00,65994,744.867214
744.34,744.68,744.23,2116,744.58,2026-06-22 10:51:00-04:00,83136,744.463921
744.46,744.56,744.21,1559,744.34,2026-06-22 10:52:00-04:00,54415,744.372236
744.45,744.55,744.23,1363,744.42,2026-06-22 10:53:00-04:00,38324,744.40597
743.85,744.53,743.62,3157,744.44,2026-06-22 10:54:00-04:00,198736,743.941872
743.53,743.92,743.15,2930,743.84,2026-06-22 10:55:00-04:00,155843,743.432975
743.955,743.995,743.52,2568,743.54,2026-06-22 10:56:00-04:00,126486,743.830208
744.32,744.37,743.955,2787,743.96,2026-06-22 10:57:00-04:00,135414,744.19558
744.68,744.84,744.3,2548,744.32,2026-06-22 10:58:00-04:00,311263,744.620345
744.72,744.88,744.62,1793,744.67,2026-06-22 10:59:00-04:00,80068,744.736874
745.11,745.23,744.54,2195,744.69,2026-06-22 11:00:00-04:00,103396,745.00683
745.34,745.4263,745.12,2172,745.12,2026-06-22 11:01:00-04:00,101499,745.290447
745.26,745.37,745.07,1748,745.33,2026-06-22 11:02:00-04:00,74900,745.252445
745.21,745.37,745.16,1337,745.31,2026-06-22 11:03:00-04:00,55647,745.283462
745.05,745.28,745.01,1407,745.21,2026-06-22 11:04:00-04:00,44558,745.144545
744.58,745.07,744.46,1926,745.07,2026-06-22 11:05:00-04:00,87442,744.710543
744.17,744.61,744.17,2067,744.59,2026-06-22 11:06:00-04:00,88480,744.335903
744.32,744.39,744.04,2037,744.17,2026-06-22 11:07:00-04:00,90327,744.208433
744.5112,744.545,744.2,1404,744.34,2026-06-22 11:08:00-04:00,51651,744.420855
744.295,744.65,744.15,1696,744.53,2026-06-22 11:09:00-04:00,66451,744.350046
744.16,744.46,744.09,1355,744.29,2026-06-22 11:10:00-04:00,32803,744.253655
744.675,744.735,744.14,1756,744.15,2026-06-22 11:11:00-04:00,62096,744.466487
744.75,744.79,744.48,1626,744.67,2026-06-22 11:12:00-04:00,55877,744.684622
744.795,744.83,744.55,1386,744.75,2026-06-22 11:13:00-04:00,48234,744.724849
744.47,744.84,744.33,1421,744.795,2026-06-22 11:14:00-04:00,53075,744.510228
744.38,744.69,744.37,1576,744.46,2026-06-22 11:15:00-04:00,48817,744.526399
744.645,744.66,744.34,1304,744.38,2026-06-22 11:16:00-04:00,47120,744.516802
744.5909,744.69,744.18,2001,744.65,2026-06-22 11:17:00-04:00,82512,744.413855
744.49,744.95,744.47,1980,744.59,2026-06-22 11:18:00-04:00,81845,744.713313
744.19,744.605,743.99,2151,744.49,2026-06-22 11:19:00-04:00,299703,744.205227
744.08,744.255,743.87,1544,744.2,2026-06-22 11:20:00-04:00,58069,744.080269
744.35,744.49,744.06,2159,744.08,2026-06-22 11:21:00-04:00,97659,744.310582
744.32,744.69,744.27,1581,744.34,2026-06-22 11:22:00-04:00,66583,744.513791
744.85,744.85,744.24,1481,744.27,2026-06-22 11:23:00-04:00,53107,744.569205
744.83,744.96,744.6909,1313,744.84,2026-06-22 11:24:00-04:00,47255,744.863033
744.83,745.1,744.39,3622,744.82,2026-06-22 11:25:00-04:00,170082,744.779345
744.68,744.96,744.46,1636,744.82,2026-06-22 11:26:00-04:00,50357,744.756222
744.77,744.91,744.54,1473,744.58,2026-06-22 11:27:00-04:00,52410,744.722649
744.345,744.76,744.3101,1439,744.76,2026-06-22 11:28:00-04:00,54284,744.451451
744.39,744.59,744.16,1443,744.37,2026-06-22 11:29:00-04:00,53527,744.361131
744.43,744.59,744.18,1399,744.38,2026-06-22 11:30:00-04:00,47009,744.419129
744.6,744.65,744.27,1557,744.45,2026-06-22 11:31:00-04:00,50194,744.486741
744.48,744.68,744.31,1406,744.59,2026-06-22 11:32:00-04:00,56624,744.473054
744.91,745.05,744.385,3467,744.49,2026-06-22 11:33:00-04:00,176733,744.799889
744.6,745.05,744.6,1460,744.92,2026-06-22 11:34:00-04:00,61925,744.898656
744.8,744.85,744.5,2231,744.64,2026-06-22 11:35:00-04:00,123827,744.625321
745.139,745.18,744.79,1632,744.8,2026-06-22 11:36:00-04:00,59521,745.064035
745.03,745.185,744.82,1761,745.12,2026-06-22 11:37:00-04:00,84214,745.014083
744.97,745.15,744.95,1245,745.03,2026-06-22 11:38:00-04:00,40941,745.068242
745.175,745.21,744.9,1436,744.985,2026-06-22 11:39:00-04:00,45665,745.091217
745.5401,745.5401,745.22,2398,745.22,2026-06-22 11:40:00-04:00,119309,745.346507
745.77,745.77,745.52,1820,745.54,2026-06-22 11:41:00-04:00,91358,745.66148
746.027,746.17,745.75,2368,745.78,2026-06-22 11:42:00-04:00,104818,745.975232
746.02,746.07,745.91,1785,746.02,2026-06-22 11:43:00-04:00,89930,745.981673
745.89,746.1064,745.84,1510,746.0,2026-06-22 11:44:00-04:00,72996,745.93822
746.17,746.28,745.84,1403,745.88,2026-06-22 11:45:00-04:00,65539,746.056116
745.85,746.215,745.85,1225,746.16,2026-06-22 11:46:00-04:00,59956,746.049008
745.61,745.8414,745.59,1244,745.83,2026-06-22 11:47:00-04:00,46619,745.710992
745.51,745.65,745.44,1295,745.6,2026-06-22 11:48:00-04:00,53011,745.540968
744.41,745.51,744.28,3332,745.51,2026-06-22 11:49:00-04:00,316907,744.746718
744.84,744.9,744.34,1510,744.43,2026-06-22 11:50:00-04:00,72097,744.702646
744.75,744.96,744.64,878,744.835,2026-06-22 11:51:00-04:00,20976,744.820305
744.74,744.93,744.61,1029,744.71,2026-06-22 11:52:00-04:00,35148,744.776139
744.72,744.81,744.6001,1242,744.72,2026-06-22 11:53:00-04:00,59216,744.705671
744.57,744.93,744.5401,1227,744.7,2026-06-22 11:54:00-04:00,41413,744.722986
744.855,744.99,744.44,1101,744.54,2026-06-22 11:55:00-04:00,37530,744.765097
744.57,745.1,744.5599,1200,744.85,2026-06-22 11:56:00-04:00,47102,744.874869
744.73,744.77,744.555,1208,744.58,2026-06-22 11:57:00-04:00,44363,744.675036
744.69,744.83,744.49,1363,744.73,2026-06-22 11:58:00-04:00,61952,744.679052
744.61,744.81,744.48,1450,744.695,2026-06-22 11:59:00-04:00,55668,744.62459
744.56,744.79,744.37,1474,744.62,2026-06-22 12:00:00-04:00,56279,744.556447
744.19,744.6,743.96,2045,744.58,2026-06-22 12:01:00-04:00,90261,744.184488
743.99,744.3,743.92,2055,744.2,2026-06-22 12:02:00-04:00,124789,744.113646
743.7,743.9999,743.61,2232,743.99,2026-06-22 12:03:00-04:00,85830,743.777439
743.75,743.85,743.59,1871,743.71,2026-06-22 12:04:00-04:00,103439,743.735128
743.79,743.97,743.64,2013,743.74,2026-06-22 12:05:00-04:00,118880,743.782203
743.93,744.04,743.62,1495,743.785,2026-06-22 12:06:00-04:00,57545,743.793878
744.02,744.12,743.83,1316,743.93,2026-06-22 12:07:00-04:00,44276,743.942123
744.14,744.2,743.94,1797,744.02,2026-06-22 12:08:00-04:00,96812,744.083268
744.2,744.31,744.0,1452,744.12,2026-06-22 12:09:00-04:00,51875,744.170973
744.33,744.48,744.16,1779,744.18,2026-06-22 12:10:00-04:00,73915,744.341448
744.42,744.6152,744.14,1681,744.325,2026-06-22 12:11:00-04:00,56694,744.414447
744.42,744.52,744.23,1505,744.42,2026-06-22 12:12:00-04:00,56102,744.405789
744.62,744.685,744.41,1523,744.46,2026-06-22 12:13:00-04:00,51339,744.553448
744.95,744.98,744.55,2193,744.62,2026-06-22 12:14:00-04:00,79078,744.82096
744.7,745.0499,744.64,1795,744.94,2026-06-22 12:15:00-04:00,70683,744.836654
744.67,744.88,744.66,1286,744.7,2026-06-22 12:16:00-04:00,45824,744.749203
744.71,744.84,744.55,1468,744.64,2026-06-22 12:17:00-04:00,54470,744.734963
744.74,744.74,744.46,1481,744.69,2026-06-22 12:18:00-04:00,79680,744.59659
744.96,744.96,744.61,1392,744.72,2026-06-22 12:19:00-04:00,56890,744.76277
745.3,745.35,744.95,2093,744.96,2026-06-22 12:20:00-04:00,98672,745.217573
745.1,745.36,745.1,1289,745.3,2026-06-22 12:21:00-04:00,50317,745.26243
744.515,745.1,744.45,1684,745.1,2026-06-22 12:22:00-04:00,86655,744.668682
744.58,744.78,744.51,1186,744.54,2026-06-22 12:23:00-04:00,40178,744.651557
744.495,744.62,744.37,1080,744.6,2026-06-22 12:24:00-04:00,38022,744.484483
744.59,744.6499,744.395,1149,744.505,2026-06-22 12:25:00-04:00,36643,744.525753
744.4,744.7,744.35,1177,744.62,2026-06-22 12:26:00-04:00,64271,744.554173
744.435,744.53,744.33,1430,744.38,2026-06-22 12:27:00-04:00,71093,744.408287
744.86,744.87,744.35,1197,744.45,2026-06-22 12:28:00-04:00,228284,744.604208
744.785,744.9,744.74,984,744.84,2026-06-22 12:29:00-04:00,32927,744.824801
744.71,744.805,744.65,1205,744.79,2026-06-22 12:30:00-04:00,40332,744.723696
744.78,744.87,744.68,1376,744.715,2026-06-22 12:31:00-04:00,60535,744.77084
744.385,744.76,744.28,1324,744.76,2026-06-22 12:32:00-04:00,49617,744.457836
744.385,744.46,744.36,1245,744.38,2026-06-22 12:33:00-04:00,50323,744.406964
744.34,744.45,744.26,1015,744.38,2026-06-22 12:34:00-04:00,34915,744.362123
744.18,744.48,744.12,1132,744.34,2026-06-22 12:35:00-04:00,42423,744.277215
744.4,744.42,744.08,1599,744.19,2026-06-22 12:36:00-04:00,67407,744.23802
744.33,744.43,744.18,1235,744.38,2026-06-22 12:37:00-04:00,53223,744.313725
744.2391,744.4,744.23,916,744.31,2026-06-22 12:38:00-04:00,29421,744.30426
744.4,744.51,744.22,1271,744.24,2026-06-22 12:39:00-04:00,53429,744.382454
744.12,744.52,744.04,1401,744.41,2026-06-22 12:40:00-04:00,57112,744.238809
744.37,744.56,744.12,1262,744.13,2026-06-22 12:41:00-04:00,43906,744.361831
744.45,744.5,744.2307,1258,744.36,2026-06-22 12:42:00-04:00,60939,744.332911
744.245,744.46,744.12,583,744.45,2026-06-22 12:43:00-04:00,28858,744.240204
744.3725,744.43,744.23,823,744.245,2026-06-22 12:44:00-04:00,45099,744.333643
744.21,744.43,744.21,741,744.355,2026-06-22 12:45:00-04:00,46265,744.324107
744.59,744.6,744.16,1192,744.21,2026-06-22 12:46:00-04:00,81650,744.354634
744.76,744.82,744.58,1154,744.585,2026-06-22 12:47:00-04:00,59896,744.704461
744.75,744.84,744.66,785,744.755,2026-06-22 12:48:00-04:00,32171,744.765099
744.965,744.965,744.64,882,744.74,2026-06-22 12:49:00-04:00,50864,744.845366
745.18,745.2104,744.89,1568,744.96,2026-06-22 12:50:00-04:00,91118,745.029448
745.14,745.22,745.02,995,745.18,2026-06-22 12:51:00-04:00,52664,745.137651
745.135,745.21,745.025,655,745.13,2026-06-22 12:52:00-04:00,32686,745.110396
744.88,745.135,744.8601,1076,745.135,2026-06-22 12:53:00-04:00,57576,745.012142
745.08,745.12,744.89,1019,744.89,2026-06-22 12:54:00-04:00,58251,745.063731
744.9499,745.24,744.91,1030,745.08,2026-06-22 12:55:00-04:00,49678,745.081635
744.93,745.0,744.83,1206,744.9659,2026-06-22 12:56:00-04:00,65877,744.914472
744.78,744.945,744.66,914,744.915,2026-06-22 12:57:00-04:00,44891,744.795034
745.0,745.31,744.74,3051,744.79,2026-06-22 12:58:00-04:00,177783,745.068399
744.95,745.07,744.91,576,745.005,2026-06-22 12:59:00-04:00,20057,744.991089
744.96,745.01,744.79,731,744.96,2026-06-22 13:00:00-04:00,33967,744.937121
744.8,744.93,744.79,538,744.92,2026-06-22 13:01:00-04:00,44673,744.844149
744.775,744.82,744.62,532,744.8,2026-06-22 13:02:00-04:00,16495,744.67515
744.99,745.02,744.74,756,744.77,2026-06-22 13:03:00-04:00,32872,744.921168
744.85,745.03,744.84,541,745.01,2026-06-22 13:04:00-04:00,24002,744.916958
744.4301,744.84,744.42,836,744.84,2026-06-22 13:05:00-04:00,37625,744.543475
744.19,744.43,744.0,1311,744.42,2026-06-22 13:06:00-04:00,313253,744.198917
744.13,744.2293,743.96,916,744.18,2026-06-22 13:07:00-04:00,42954,744.117321
744.18,744.27,744.12,849,744.14,2026-06-22 13:08:00-04:00,50620,744.201213
744.2,744.41,744.15,928,744.17,2026-06-22 13:09:00-04:00,109136,744.276071
744.3101,744.44,744.16,821,744.2,2026-06-22 13:10:00-04:00,47388,744.298687
744.33,744.45,744.22,770,744.31,2026-06-22 13:11:00-04:00,36147,744.341971
744.52,744.52,744.335,829,744.34,2026-06-22 13:12:00-04:00,43013,744.423772
744.56,744.56,744.36,716,744.51,2026-06-22 13:13:00-04:00,36788,744.507259
744.59,744.59,744.34,855,744.565,2026-06-22 13:14:00-04:00,49218,744.4752
744.96,745.03,744.58,1126,744.6,2026-06-22 13:15:00-04:00,66999,744.871804
744.82,744.98,744.72,839,744.98,2026-06-22 13:16:00-04:00,48822,744.817494
744.71,744.85,744.65,668,744.81,2026-06-22 13:17:00-04:00,37055,744.74818
744.9502,745.0,744.75,609,744.75,2026-06-22 13:18:00-04:00,29179,744.846915
745.05,745.08,744.82,773,744.96,2026-06-22 13:19:00-04:00,37743,744.987701
745.03,745.26,745.02,979,745.04,2026-06-22 13:20:00-04:00,52331,745.17342
744.86,745.07,744.81,716,745.02,2026-06-22 13:21:00-04:00,31491,744.918087
744.77,744.97,744.7,685,744.9,2026-06-22 13:22:00-04:00,25302,744.831611
744.91,744.99,744.73,659,744.76,2026-06-22 13:23:00-04:00,29422,744.908469
744.89,745.01,744.86,683,744.905,2026-06-22 13:24:00-04:00,29076,744.944572
744.7609,744.9,744.72,528,744.9,2026-06-22 13:25:00-04:00,17858,744.802789
744.91,744.91,744.69,752,744.77,2026-06-22 13:26:00-04:00,27557,744.829225
744.81,745.01,744.8,740,744.92,2026-06-22 13:27:00-04:00,25178,744.909739
744.85,744.98,744.75,758,744.82,2026-06-22 13:28:00-04:00,26740,744.881523
744.7,744.855,744.7,737,744.85,2026-06-22 13:29:00-04:00,24730,744.795951
744.8124,744.8378,744.6,991,744.73,2026-06-22 13:30:00-04:00,31078,744.742235
744.7,744.84,744.67,783,744.83,2026-06-22 13:31:00-04:00,20835,744.747697
744.49,744.72,744.38,1285,744.71,2026-06-22 13:32:00-04:00,47499,744.480759
744.36,744.54,744.31,1325,744.5,2026-06-22 13:33:00-04:00,177214,744.388268
744.5,744.55,744.34,1389,744.37,2026-06-22 13:34:00-04:00,51008,744.448515
744.27,744.5,744.22,1201,744.49,2026-06-22 13:35:00-04:00,42930,744.348469
744.0599,744.29,743.98,1884,744.27,2026-06-22 13:36:00-04:00,60071,744.089032
744.31,744.32,744.06,1274,744.06,2026-06-22 13:37:00-04:00,169068,744.219733
744.375,744.48,744.285,937,744.3114,2026-06-22 13:38:00-04:00,40246,744.3809
744.47,744.475,744.3,905,744.36,2026-06-22 13:39:00-04:00,42485,744.411842
744.4,744.58,744.29,835,744.46,2026-06-22 13:40:00-04:00,27299,744.399734
744.36,744.47,744.35,815,744.4,2026-06-22 13:41:00-04:00,22350,744.409689
744.38,744.5,744.31,849,744.37,2026-06-22 13:42:00-04:00,23758,744.41497
744.34,744.41,744.27,687,744.37,2026-06-22 13:43:00-04:00,17659,744.349821
744.36,744.43,744.25,984,744.33,2026-06-22 13:44:00-04:00,61213,744.358682
744.46,744.47,744.25,801,744.36,2026-06-22 13:45:00-04:00,27711,744.369882
744.53,744.53,744.3,707,744.47,2026-06-22 13:46:00-04:00,29193,744.390358
744.58,744.66,744.51,1054,744.525,2026-06-22 13:47:00-04:00,47641,744.601907
744.67,744.8,744.55,1170,744.58,2026-06-22 13:48:00-04:00,58492,744.667265
744.8,744.85,744.63,727,744.67,2026-06-22 13:49:00-04:00,42049,744.767389
744.85,744.925,744.775,908,744.78,2026-06-22 13:50:00-04:00,42412,744.879447
744.78,744.91,744.68,777,744.85,2026-06-22 13:51:00-04:00,33839,744.783612
745.05,745.065,744.71,1008,744.78,2026-06-22 13:52:00-04:00,174980,744.8839
745.15,745.165,745.03,941,745.0407,2026-06-22 13:53:00-04:00,50010,745.104052
745.23,745.34,745.13,1237,745.15,2026-06-22 13:54:00-04:00,65366,745.236953
745.07,745.23,745.02,1060,745.22,2026-06-22 13:55:00-04:00,42262,745.102931
745.21,745.23,745.06,1060,745.06,2026-06-22 13:56:00-04:00,48182,745.157892
745.07,745.22,744.97,892,745.2,2026-06-22 13:57:00-04:00,34932,745.0925
744.98,745.095,744.85,877,745.08,2026-06-22 13:58:00-04:00,37623,744.970433
744.69,744.979,744.69,902,744.97,2026-06-22 13:59:00-04:00,540801,744.806364
744.78,744.81,744.63,1527,744.71,2026-06-22 14:00:00-04:00,79641,744.713636
744.61,744.86,744.58,898,744.78,2026-06-22 14:01:00-04:00,44078,744.707617
744.58,744.73,744.5,1174,744.62,2026-06-22 14:02:00-04:00,68170,744.615801
744.3,744.65,744.3,1105,744.58,2026-06-22 14:03:00-04:00,63743,744.442608
744.505,744.555,744.28,1245,744.31,2026-06-22 14:04:00-04:00,50207,744.451992
744.57,744.64,744.49,1647,744.5029,2026-06-22 14:05:00-04:00,92283,744.580638
744.76,744.82,744.48,1754,744.565,2026-06-22 14:06:00-04:00,100786,744.667349
744.78,744.81,744.7,821,744.76,2026-06-22 14:07:00-04:00,40048,744.762734
744.85,744.88,744.76,1021,744.77,2026-06-22 14:08:00-04:00,43643,744.82304
744.925,744.93,744.78,1081,744.84,2026-06-22 14:09:00-04:00,178956,744.841726
745.04,745.04,744.92,1064,744.925,2026-06-22 14:10:00-04:00,51111,744.994032
744.73,745.06,744.71,913,745.04,2026-06-22 14:11:00-04:00,788186,744.875776
744.86,744.895,744.69,917,744.73,2026-06-22 14:12:00-04:00,39987,744.788645
744.96,744.99,744.83,908,744.86,2026-06-22 14:13:00-04:00,40727,744.914817
744.9702,745.03,744.94,731,744.96,2026-06-22 14:14:00-04:00,34282,744.985582
745.0469,745.14,744.98,899,744.98,2026-06-22 14:15:00-04:00,40949,745.093546
745.19,745.25,745.04,1090,745.04,2026-06-22 14:16:00-04:00,53557,745.169723
745.15,745.25,745.09,917,745.195,2026-06-22 14:17:00-04:00,39534,745.167588
745.28,745.3,745.12,1371,745.14,2026-06-22 14:18:00-04:00,63172,745.251342
745.225,745.34,745.16,896,745.28,2026-06-22 14:19:00-04:00,36880,745.246572
745.65,745.74,745.23,2047,745.23,2026-06-22 14:20:00-04:00,124849,745.567172
745.55,745.72,745.55,2203,745.65,2026-06-22 14:21:00-04:00,78613,745.655433
745.44,745.58,745.19,2707,745.55,2026-06-22 14:22:00-04:00,85270,745.452113
745.38,745.46,745.32,2289,745.43,2026-06-22 14:23:00-04:00,74982,745.387554
745.41,745.5,745.36,1909,745.38,2026-06-22 14:24:00-04:00,38996,745.413479
745.31,745.46,745.26,2266,745.39,2026-06-22 14:25:00-04:00,42080,745.350226
745.035,745.32,744.96,2696,745.31,2026-06-22 14:26:00-04:00,66035,745.149726
745.1,745.121,744.95,2567,745.035,2026-06-22 14:27:00-04:00,77565,745.046567
745.0,745.13,744.97,2532,745.11,2026-06-22 14:28:00-04:00,68225,745.034349
745.1299,745.155,744.92,2648,745.0,2026-06-22 14:29:00-04:00,73384,745.043287
745.4,745.435,745.13,2716,745.13,2026-06-22 14:30:00-04:00,82649,745.320231
745.405,745.5301,745.36,2403,745.41,2026-06-22 14:31:00-04:00,60151,745.439228
745.18,745.45,744.91,2853,745.41,2026-06-22 14:32:00-04:00,85751,745.257454
745.04,745.3,745.01,2558,745.19,2026-06-22 14:33:00-04:00,70506,745.141558
745.0299,745.085,744.93,2395,745.04,2026-06-22 14:34:00-04:00,60478,745.029181
745.02,745.08,744.96,3048,745.02,2026-06-22 14:35:00-04:00,36469,745.030132
745.12,745.19,744.9999,1478,745.04,2026-06-22 14:36:00-04:00,40317,745.094053
745.06,745.21,745.01,1122,745.12,2026-06-22 14:37:00-04:00,57449,745.096322
745.03,745.185,745.0101,989,745.06,2026-06-22 14:38:00-04:00,43064,745.110447
744.93,745.14,744.89,1279,745.03,2026-06-22 14:39:00-04:00,68103,745.023258
744.87,745.005,744.86,1185,744.93,2026-06-22 14:40:00-04:00,59575,744.920646
744.87,744.93,744.74,1452,744.865,2026-06-22 14:41:00-04:00,66540,744.853336
744.86,744.94,744.79,1232,744.87,2026-06-22 14:42:00-04:00,59347,744.836325
744.76,744.88,744.69,1000,744.85,2026-06-22 14:43:00-04:00,174712,744.778006
744.5,744.77,744.49,1344,744.77,2026-06-22 14:44:00-04:00,68323,744.566137
744.62,744.67,744.4,1527,744.51,2026-06-22 14:45:00-04:00,80235,744.579566
744.575,744.68,744.52,997,744.6,2026-06-22 14:46:00-04:00,39933,744.595096
744.765,744.785,744.55,1041,744.58,2026-06-22 14:47:00-04:00,49777,744.702643
744.68,744.765,744.63,789,744.765,2026-06-22 14:48:00-04:00,35933,744.675865
744.77,744.83,744.67,1403,744.68,2026-06-22 14:49:00-04:00,107171,744.765492
744.56,744.85,744.56,1133,744.771,2026-06-22 14:50:00-04:00,95317,744.660709
744.4,744.57,744.355,1365,744.57,2026-06-22 14:51:00-04:00,79802,744.432959
743.89,744.41,743.86,2208,744.41,2026-06-22 14:52:00-04:00,146610,744.061955
743.9937,744.07,743.7309,1488,743.9,2026-06-22 14:53:00-04:00,85365,743.937621
744.07,744.084,743.78,1487,743.98,2026-06-22 14:54:00-04:00,115219,743.917392
743.89,744.06,743.865,1551,744.06,2026-06-22 14:55:00-04:00,79604,743.961348
743.915,744.03,743.79,1316,743.88,2026-06-22 14:56:00-04:00,58455,743.909248
743.81,744.0,743.76,1087,743.91,2026-06-22 14:57:00-04:00,55372,743.890099
743.69,743.85,743.68,1487,743.815,2026-06-22 14:58:00-04:00,122339,743.746745
743.725,743.85,743.6,2040,743.69,2026-06-22 14:59:00-04:00,151802,743.755596
743.75,743.87,743.69,1515,743.73,2026-06-22 15:00:00-04:00,74861,743.762685
743.95,743.975,743.7,1526,743.755,2026-06-22 15:01:00-04:00,75399,743.882516
744.24,744.25,743.94,1945,743.945,2026-06-22 15:02:00-04:00,129269,744.085369
744.2,744.365,744.195,1901,744.24,2026-06-22 15:03:00-04:00,162150,744.302785
744.11,744.22,744.025,933,744.21,2026-06-22 15:04:00-04:00,43160,744.1258
743.98,744.14,743.84,1416,744.1001,2026-06-22 15:05:00-04:00,87018,743.956608
743.91,744.005,743.82,1830,743.985,2026-06-22 15:06:00-04:00,621068,743.898885
743.5334,743.9,743.49,1859,743.9,2026-06-22 15:07:00-04:00,103695,743.657394
743.595,743.61,743.2801,1740,743.52,2026-06-22 15:08:00-04:00,85130,743.491019
743.67,743.82,743.5801,1536,743.59,2026-06-22 15:09:00-04:00,80893,743.710439
743.55,743.79,743.5301,1426,743.68,2026-06-22 15:10:00-04:00,72973,743.633129
743.89,744.03,743.54,2128,743.545,2026-06-22 15:11:00-04:00,128494,743.853983
743.905,744.0799,743.83,1372,743.89,2026-06-22 15:12:00-04:00,75419,743.973843
743.86,743.97,743.81,1540,743.905,2026-06-22 15:13:00-04:00,90844,743.899755
743.91,744.01,743.79,1237,743.8607,2026-06-22 15:14:00-04:00,87531,743.888927
743.88,744.04,743.76,1362,743.92,2026-06-22 15:15:00-04:00,97048,743.881787
743.92,743.975,743.815,1130,743.885,2026-06-22 15:16:00-04:00,54126,743.90598
743.98,744.05,743.82,1120,743.92,2026-06-22 15:17:00-04:00,191580,743.945226
744.04,744.07,743.91,1474,743.98,2026-06-22 15:18:00-04:00,83725,743.992068
744.14,744.18,744.0,2017,744.03,2026-06-22 15:19:00-04:00,154998,744.113247
743.9999,744.19,743.97,1433,744.12,2026-06-22 15:20:00-04:00,88573,744.089493
743.775,744.01,743.66,1246,743.98,2026-06-22 15:21:00-04:00,54811,743.795994
743.69,743.83,743.65,1689,743.77,2026-06-22 15:22:00-04:00,92553,743.737931
743.79,743.81,743.63,1334,743.69,2026-06-22 15:23:00-04:00,71162,743.73659
743.71,743.825,743.67,975,743.78,2026-06-22 15:24:00-04:00,52604,743.739773
743.63,743.81,743.6,1003,743.72,2026-06-22 15:25:00-04:00,52966,743.681352
743.565,743.685,743.46,2228,743.63,2026-06-22 15:26:00-04:00,159329,743.559839
743.535,743.67,743.45,2110,743.57,2026-06-22 15:27:00-04:00,356778,743.531914
743.53,743.6561,743.49,1192,743.54,2026-06-22 15:28:00-04:00,68692,743.556887
743.405,743.59,743.405,1533,743.53,2026-06-22 15:29:00-04:00,94246,743.496743
743.61,743.62,743.405,1947,743.405,2026-06-22 15:30:00-04:00,111204,743.526575
743.615,743.72,743.56,2369,743.61,2026-06-22 15:31:00-04:00,149926,743.646451
743.88,743.98,743.58,1719,743.62,2026-06-22 15:32:00-04:00,93683,743.799551
743.81,743.96,743.76,1751,743.88,2026-06-22 15:33:00-04:00,118806,743.856664
743.69,743.82,743.67,1638,743.82,2026-06-22 15:34:00-04:00,98235,743.732903
743.58,743.75,743.56,1596,743.71,2026-06-22 15:35:00-04:00,89215,743.656164
743.555,743.69,743.48,1559,743.59,2026-06-22 15:36:00-04:00,87472,743.558042
743.58,743.72,743.53,1416,743.55,2026-06-22 15:37:00-04:00,202978,743.582492
